id,date,mood_target,mood_hist_mean,activity_hist_mean,appCat.builtin_hist_mean,appCat.office_hist_mean,call_hist_mean,circumplex.arousal_hist_mean,circumplex.valence_hist_mean,screen_hist_mean,mood_type
AS14.01,2014-04-08,6.6,6.480000000000001,0.0820017013471996,4982.9044,64.31500000000001,2.83125,-0.5633333333333332,0.4998106060606061,10887.076000070572,0
AS14.01,2014-04-26,7.6,7.480000000000001,0.0799840703510332,1813.9824,76.117,1.6,-0.09,0.96,13983.804199552538,1
AS14.01,2014-04-29,7.0,7.5,0.0848734139584918,1150.3436000000002,76.117,2.23125,-0.345,0.92,13610.166199779513,0
AS14.01,2014-04-03,6.4,7.08,0.081632222971552,2065.6532,82.244,3.63125,-0.0046212121212121,0.7531439393939394,12643.017400598526,0
AS14.01,2014-04-12,7.25,6.98,0.0810662202471892,1508.6138,53.7306,3.23125,-0.6933333333333334,0.6366666666666667,11665.749400424957,1
AS14.01,2014-04-19,7.8,6.845000000000001,0.0882121333489608,1178.9298,76.117,3.03125,-0.3262878787878788,0.665,14520.470999383926,1
AS14.01,2014-03-26,6.6,6.4300000000000015,0.138201321508103,1411.3234,80.71340000000001,5.0625,0.4599999999999999,0.549810606060606,13483.521200132363,0
AS14.01,2014-04-28,7.6,7.5,0.0901354872775651,1114.1118,76.117,2.03125,-0.145,0.96,14355.668199729922,1
AS14.01,2014-03-31,7.4,7.1,0.0947625529799409,2965.2828,97.3838,3.4625,-0.18,0.75,10327.05520000458,1
AS14.01,2014-04-06,6.5,6.38,0.1030579878940343,4887.669800000001,82.244,2.83125,-0.1733333333333333,0.6329545454545455,15130.81880054474,0
AS14.01,2014-03-27,7.0,6.51,0.1316529650442404,1016.9792,61.4956,4.49375,0.38,0.6298106060606061,13172.500000190732,0
AS14.01,2014-04-24,7.6,7.529999999999999,0.0828408909382521,1725.8608,76.117,1.6,-0.0599999999999999,0.95,11099.07339978218,1
AS14.01,2014-04-16,7.2,7.17,0.0680512119496717,1335.3658,76.117,3.69375,-0.9312878787878788,0.79,11170.815399599076,1
AS14.01,2014-03-28,6.4,6.63,0.1161790493900682,1116.5588000000002,82.7624,4.29375,0.3,0.6898106060606061,15432.497800159452,0
AS14.01,2014-04-25,7.2,7.49,0.0731351062322909,1829.877,76.117,1.6,-0.1,0.95,12857.719399690632,1
AS14.01,2014-05-01,8.0,7.5,0.1036425451063697,1920.542,76.117,2.4625,-0.355,0.91,9807.861599445345,1
AS14.01,2014-03-29,8.0,6.55,0.1067704305564796,2871.8286,82.76240000000001,4.6625,0.14,0.6498106060606061,15062.429199790951,1
AS14.01,2014-04-30,7.8,7.38,0.0952444660255858,1915.072,76.117,2.6625,-0.315,0.92,10767.528999567032,1
AS14.01,2014-04-18,6.8,7.084999999999999,0.0722097978008397,896.2332,76.117,3.4625,-0.4162878787878788,0.7050000000000001,12223.47539930344,0
AS14.01,2014-04-27,7.5,7.479999999999999,0.1024256128822308,1298.4398,76.117,1.8,-0.08,0.96,16313.609799575808,1
AS14.01,2014-04-05,6.8,6.5,0.0933586236300231,2448.1128,82.244,3.4,-0.1446212121212121,0.6329545454545454,16830.09940061569,0
AS14.01,2014-04-17,6.625,7.210000000000001,0.075276038760484,846.2822,76.117,3.69375,-0.5412878787878788,0.7300000000000001,11569.941199350358,0
AS14.01,2014-04-13,8.0,7.13,0.0853819083063893,1383.6276,65.5326,3.6625,-0.71,0.7366666666666667,12046.635000658036,1
AS14.01,2014-04-15,6.4,7.37,0.0658214024325048,1159.1656,65.53260000000002,3.49375,-0.96,0.79,10312.990599775314,0
AS14.01,2014-04-02,6.5,7.06,0.0803885051713314,3355.3024,79.3712,3.83125,-0.1912878787878787,0.7398106060606061,9356.013000535964,0
AS14.01,2014-04-09,7.4,6.5200000000000005,0.0872194184577811,4697.1494,64.315,2.23125,-0.4033333333333333,0.4166666666666667,9626.935400295257,1
AS14.01,2014-04-23,7.6,7.37,0.0924503544504942,1871.872,76.117,1.6,-0.26,0.91,10890.151199817656,1
AS14.01,2014-05-03,8.0,7.6,0.0775782635106166,2023.6852,66.51320000000001,3.2625,-0.41,0.91,11692.43959941864,1
AS14.02,2014-04-24,7.0,5.466666666666667,0.2497133917210356,1483.8868235294117,0.0,8.0,-0.7395238095238095,-0.0788888888888888,2930.023308589118,0
AS14.02,2014-03-21,7.5,7.0666666666666655,0.2415128848281542,1920.6898,0.0,7.6,0.0938095238095238,0.5444444444444445,6423.591600751877,1
AS14.02,2014-03-25,7.75,6.779999999999999,0.2801036782956776,1581.3096,0.0,11.6,-0.61,0.2144444444444444,6080.184600687027,1
AS14.02,2014-04-19,5.666666666666667,6.983333333333334,0.2898839329173314,577.5428058823529,0.0,10.2,-0.0895238095238095,0.3877777777777778,1688.2841029889246,0
AS14.02,2014-04-05,7.4,6.63,0.2574460428343827,1666.3022,0.0,5.0,-0.61,0.2944444444444444,5084.676399946213,1
AS14.02,2014-04-09,7.25,6.2700000000000005,0.2325748742536003,1264.5774,0.0,6.4,-0.7023809523809523,0.13,6163.388599729538,1
AS14.02,2014-03-26,7.2,6.88,0.2784014172248988,1787.1004,0.0,11.0,-0.76,0.2144444444444444,6135.595400428772,1
AS14.02,2014-04-01,7.4,7.1,0.264235384903786,4539.121,0.0,7.8,-0.7361904761904763,0.5,4566.198598718644,1
AS14.02,2014-03-22,6.5,7.3,0.2463674882333722,1879.3412,0.0,8.8,0.05,0.64,7674.23640065193,0
AS14.02,2014-04-14,8.0,6.840000000000001,0.3201127461582925,1323.2494,0.0,5.4,-0.67,0.18,5049.076999855041,1
AS14.02,2014-03-23,6.25,7.25,0.3019625426098873,2019.525,0.0,13.0,-0.25,0.44,7160.195000982285,0
AS14.02,2014-04-23,5.5,5.666666666666667,0.2742129447244105,1483.8868235294117,0.0,7.2,-0.7395238095238096,-0.1244444444444444,2930.023308589118,0
AS14.02,2014-03-24,6.4,6.859999999999999,0.3120050971655063,1677.5219999999997,0.0,11.6,-0.5700000000000001,0.3344444444444444,7163.406200838091,0
AS14.02,2014-04-22,5.666666666666667,5.833333333333334,0.3532300387415047,1113.8210176470589,0.0,6.2,-0.4395238095238095,-0.0911111111111111,2935.6543084880286,0
AS14.02,2014-04-13,7.2,6.65,0.3145389300260454,1458.0224,0.0,7.2,-0.6,0.2,5429.933200216294,1
AS14.02,2014-04-17,6.5,7.023333333333333,0.2764202276444022,674.1904,0.0,9.0,-0.5366666666666667,0.2466666666666666,1883.4607999801635,0
AS14.02,2014-03-31,7.2,7.1,0.291751492652099,4649.210000000001,0.0,6.0,-0.8161904761904761,0.5,4825.295399045945,1
AS14.02,2014-04-12,6.0,6.81,0.2661833302428568,1389.2784,0.0,6.4,-0.3061904761904762,0.52,5971.474799633026,0
AS14.02,2014-04-08,6.25,6.17,0.2446858347112852,1281.4816000000003,0.0,4.8,-0.7023809523809523,0.0844444444444444,6710.418200016022,0
AS14.02,2014-04-15,7.25,6.99,0.3080855865837401,1199.8394,0.0,4.6,-0.42,0.3299999999999999,4452.200399923325,1
AS14.02,2014-03-27,7.25,6.82,0.2792665247260458,1688.3886000000002,0.0,10.0,-0.85,0.1444444444444444,5118.351200771333,1
AS14.02,2014-04-10,7.25,6.44,0.2365627725407862,1325.644,0.0,7.8,-0.5623809523809523,0.1399999999999999,6584.1997996807095,1
AS14.02,2014-03-28,6.8,6.969999999999999,0.2358275891438957,1755.7602,0.0,5.6,-0.7561904761904762,0.3444444444444444,4749.834999942779,0
AS14.02,2014-04-04,6.4,6.75,0.2603694332713841,1596.5218,0.0,6.0,-0.5700000000000001,0.4044444444444444,5141.41079955101,0
AS14.02,2014-04-18,6.5,7.123333333333333,0.2947769749990878,309.25820000000004,0.0,9.8,-0.1033333333333333,0.4133333333333334,1159.943999671936,0
AS14.03,2014-04-04,7.8,7.719999999999999,0.1016046465390797,4608.4984,74.28857037037038,1.8,0.1481439393939394,0.72,4369.9485998630535,1
AS14.03,2014-04-10,7.4,7.399999999999999,0.1062434024348978,353.50120000000004,374.8571851851852,3.3875,0.52,1.0,4233.2939993858345,1
AS14.03,2014-04-27,7.6,7.4,0.1389112589177343,174.5116,122.80015555555556,3.575,-0.09,0.92,5402.439399909972,1
AS14.03,2014-04-11,7.6,7.360000000000001,0.1049710947320095,321.6272,354.6033851851852,2.88125,0.36,1.0,4866.413799858095,1
AS14.03,2014-04-30,7.0,7.360000000000001,0.1284372557759611,126.6686,116.19175555555556,3.08125,-0.93,1.0,5335.769199419022,0
AS14.03,2014-04-29,7.2,7.4,0.1258983045781938,145.64780000000002,141.28754074074075,3.08125,-0.85,1.0,5580.506999731064,1
AS14.03,2014-03-26,8.25,8.12,0.1255409319200433,455.892,114.08598518518518,4.6,0.12,1.36,3879.197200345993,1
AS14.03,2014-04-22,7.6,7.49,0.1181327097191791,979.6588000000002,142.35674074074075,4.0,0.2481439393939394,0.91,4442.245200157166,1
AS14.03,2014-03-31,7.4,8.2,0.1254112591686861,203.336,47.71918518518519,2.29375,-0.03,1.12,3268.432199716568,1
AS14.03,2014-04-06,6.8,7.640000000000001,0.0922546861758214,4372.955800000001,65.16458518518519,2.89375,0.3881439393939394,0.8800000000000001,3193.377199554442,0
AS14.03,2014-03-27,7.75,7.970000000000001,0.1212593432249321,446.0088,116.21358518518518,3.8,0.02,1.16,4343.401799917222,1
AS14.03,2014-04-25,7.5,7.38,0.0973889736577042,319.975,113.49754074074076,3.28125,0.25,0.92,4433.6976000309005,1
AS14.03,2014-04-16,8.0,7.453333333333333,0.1075628463896899,4701.0514,159.79978518518516,3.9875,0.1748106060606061,0.92,4684.904799175262,1
AS14.03,2014-03-28,8.0,7.959999999999999,0.1036208322356611,467.2584,92.504,2.8,-0.09,1.06,4469.820800161362,1
AS14.03,2014-04-26,7.5,7.38,0.0892519698570116,230.4654,122.80015555555556,3.375,4.440892098500626e-17,0.92,5908.616200113297,1
AS14.03,2014-05-02,7.6,7.2,0.0985914971492254,432.6786,92.72535555555557,2.48125,-1.0799999999999998,1.0,4033.800999403,1
AS14.03,2014-03-29,8.6,7.92,0.104507350152632,424.2484,69.34560000000002,3.2,-0.15,1.12,4110.24179968834,1
AS14.03,2014-05-01,7.2,7.26,0.1251421802976704,156.4614,106.88914074074076,3.08125,-0.97,1.0,3982.619799280167,1
AS14.03,2014-04-18,7.5,7.45,0.1092432443945426,1197.3275999999998,164.60498518518517,3.29375,0.2781439393939394,0.8699999999999999,5257.771599531173,1
AS14.03,2014-04-28,7.0,7.4,0.1334505503773495,151.0808,141.28754074074075,3.575,-0.45,0.96,5761.948599672318,0
AS14.03,2014-04-05,7.6,7.6,0.0860958155689958,4729.3432,70.26437037037039,2.29375,0.2281439393939394,0.8,4302.493599748612,1
AS14.03,2014-04-17,7.25,7.533333333333333,0.1064788635783263,4729.4674,164.60498518518517,3.69375,0.294810606060606,0.92,4755.033999347686,1
AS14.03,2014-04-13,7.4,7.573333333333333,0.1102489893857661,4116.0560000000005,331.49918518518524,3.68125,0.3866666666666666,1.04,4148.922799921036,1
AS14.03,2014-04-15,7.6,7.413333333333334,0.1052651265084506,4576.489200000001,159.63818518518516,3.48125,0.214810606060606,0.96,5295.599999809265,1
AS14.03,2014-04-02,7.4,8.0,0.1227510531492431,579.6728,79.78997037037038,2.49375,-0.0199999999999999,1.02,4336.917999505998,1
AS14.03,2014-04-09,7.8,7.4,0.1052402678571054,472.1512000000001,372.8357851851852,3.3875,0.4399999999999999,1.08,4524.838399219514,1
AS14.03,2014-04-23,7.0,7.56,0.1085319833408704,641.6056,123.86935555555556,3.89375,0.2781439393939394,0.92,4139.622200155259,0
AS14.03,2014-05-03,7.75,7.2,0.1123564673363991,485.8336000000001,92.72535555555557,3.7875,-1.04,1.08,4301.84839963913,1
AS14.05,2014-04-01,7.0,6.279999999999999,0.0714368913315106,341.5614,21.127,2.2,-0.5219444444444444,0.72,4797.410200166702,0
AS14.05,2014-04-05,7.5,7.0,0.0601602915136459,649.5772,21.127,2.5111111111111115,-0.5619444444444444,0.96,4603.140999460222,1
AS14.05,2014-05-03,6.75,6.92,0.0290375515800034,896.1378000000001,21.127,2.214814814814815,-0.24,0.96,6256.993999385833,0
AS14.05,2014-04-03,7.2,6.6800000000000015,0.0771872280249677,325.2508,21.127,2.807407407407408,-0.4419444444444445,0.96,3184.412599468232,1
AS14.05,2014-03-28,6.2,4.956666666666667,0.0498316053544716,460.1418,21.127,1.911111111111111,-1.1,-0.2433333333333333,7493.691800689698,0
AS14.05,2014-04-04,7.0,6.840000000000001,0.0668528887218992,372.0618,21.127,2.7111111111111112,-0.5619444444444446,0.92,3601.558999204635,0
AS14.05,2014-04-17,6.6,7.0200000000000005,0.0856191331633538,446.217,21.127,4.614814814814816,-0.5333333333333333,0.8,5000.437799882889,0
AS14.05,2014-04-20,7.2,7.1,0.0908077665371052,487.4112,21.127,2.111111111111111,-0.11,0.8,4635.850400543212,1
AS14.05,2014-05-04,7.0,6.87,0.0378707963718872,908.5467999999998,21.127,2.214814814814815,-0.0699999999999999,0.96,5788.578199148178,0
AS14.05,2014-03-19,6.75,6.806666666666667,0.0805285087959333,541.4048,21.127,4.103703703703704,-0.4452777777777778,0.9115032679738562,6573.038199996951,0
AS14.05,2014-04-19,7.2,6.94,0.0989750575931396,588.973,21.127,2.214814814814815,-0.19,0.72,4957.050800180435,1
AS14.05,2014-04-18,7.5,6.94,0.0987670528370057,487.8058,21.127,4.614814814814816,-0.1733333333333333,0.72,4236.181000089646,1
AS14.05,2014-03-24,3.75,5.87,0.0812299353589615,206.8628,21.127,2.111111111111111,-0.3619444444444444,0.1099999999999999,3957.798199939728,0
AS14.05,2014-03-30,6.2,5.846666666666667,0.0614254044940767,339.14,21.127,2.0074074074074075,-0.5819444444444445,0.4766666666666667,7324.539400577545,0
AS14.05,2014-04-22,7.2,7.140000000000001,0.0856506606971563,525.86,21.127,2.111111111111112,-0.39,0.8800000000000001,5860.10340037346,1
AS14.05,2014-03-20,7.2,6.556666666666667,0.093528353990594,537.1519999999999,21.127,4.007407407407408,-0.0452777777777777,0.6615032679738562,6667.698200416567,1
AS14.05,2014-05-02,7.0,7.0,0.031438600100112,289.9224,21.127,2.214814814814815,-0.3199999999999999,0.96,4346.240799713135,0
AS14.05,2014-04-09,7.0,6.959999999999999,0.0680182201100009,566.654,21.127,1.6,-0.3219444444444444,0.9015032679738562,4678.366200590136,0
AS14.05,2014-03-21,7.25,6.756666666666666,0.103481306077172,402.0318,21.127,3.911111111111112,0.2366666666666666,0.7415032679738562,5859.515000247957,1
AS14.05,2014-04-24,7.2,7.2,0.0683684634567796,338.706,21.127,2.111111111111112,-0.64,0.96,5474.015000343325,1
AS14.05,2014-04-23,7.2,7.26,0.0752125655237751,514.5328,21.127,1.807407407407408,-0.39,0.96,5717.442600822449,1
AS14.05,2014-04-11,7.0,6.9,0.0792624371529547,392.1328,21.127,1.2,0.13,0.8515032679738562,4607.885400009157,0
AS14.05,2014-04-29,6.8,7.32,0.063543451814319,655.6508000000001,21.127,2.207407407407408,-0.79,1.0,5079.896600961685,0
AS14.05,2014-03-29,6.4,5.316666666666666,0.0418479425385123,468.015,21.127,1.911111111111111,-0.9019444444444444,0.0766666666666666,7656.584600687027,0
AS14.05,2014-04-10,7.2,6.959999999999999,0.090450705953123,350.0174,21.127,1.2,-0.1119444444444444,0.8515032679738562,4431.8404001712815,1
AS14.05,2014-04-06,6.8,7.140000000000001,0.0629497199886612,683.3306,21.127,2.311111111111111,-0.5638888888888889,0.96,4845.303399801256,0
AS14.05,2014-05-05,6.333333333333333,6.909999999999999,0.044153843928709,840.7052,21.127,2.111111111111111,-0.1,1.0,5849.004399204254,0
AS14.05,2014-04-08,6.75,7.05,0.0615435611252736,653.7996,21.127,1.903703703703704,-0.5719444444444444,0.91,5098.292600107196,0
AS14.05,2014-03-26,5.5,4.8966666666666665,0.040300874511817,381.954,21.127,2.111111111111112,-1.3619444444444444,-0.3333333333333333,4504.080600261688,0
AS14.05,2014-04-30,7.0,7.239999999999999,0.0639022580064551,670.9868000000001,21.127,2.207407407407408,-0.56,0.96,4833.233000612259,0
AS14.05,2014-04-02,7.0,6.5200000000000005,0.0716269164037787,309.31080000000003,21.127,2.503703703703704,-0.4838888888888889,0.8800000000000001,3473.159999704361,0
AS14.05,2014-04-16,7.2,6.98,0.0834122969893174,603.9313999999999,21.127,4.614814814814816,-0.3733333333333333,0.76,5819.65020017624,1
AS14.05,2014-04-26,7.8,7.2,0.0667992244821628,647.0916,21.127,2.311111111111111,-0.63,1.0,5625.736400699617,1
AS14.06,2014-04-14,7.25,7.533333333333333,0.22239013889989,780.3794,175.45192499999996,1.8875,-0.22,0.7866666666666667,7184.940600061418,1
AS14.06,2014-04-10,7.6,6.839999999999999,0.1571382742005077,1159.481,191.988125,2.2,-0.36,0.6770731707317074,6675.14439954758,1
AS14.06,2014-04-17,6.8,7.343333333333334,0.2206050788664086,1201.1088,65.69021666666666,2.54375,-0.4231481481481481,0.6166666666666666,7799.844999742508,0
AS14.06,2014-04-07,6.2,7.0,0.1668699710149954,652.9870000000001,116.94843333333328,2.34375,-0.5531481481481482,0.44,7011.653400135042,0
AS14.06,2014-04-30,6.8,7.0200000000000005,0.1757669224781663,747.5727209302324,66.39910833333332,4.0875,-0.5162962962962963,0.78,6270.638600635529,0
AS14.06,2014-03-29,7.8,7.32,0.1241005079434042,187.7802,112.75281666666665,2.2875,-0.1299999999999999,0.7685365853658537,6645.270200777052,1
AS14.06,2014-04-23,7.0,6.970000000000001,0.0993748206335955,618.528,73.46892499999998,3.34375,-0.08,0.62,8001.841600179672,0
AS14.06,2014-04-03,7.2,7.43,0.1743780672258915,1174.6817999999998,101.56572499999996,2.34375,-0.3794444444444444,0.67,7579.909599971771,1
AS14.06,2014-04-09,7.4,6.76,0.1664238410588299,1013.4704,118.1118333333333,2.54375,-0.52,0.5570731707317074,6606.323599576953,1
AS14.06,2014-03-30,7.8,7.479999999999999,0.137730304485677,185.5634,112.75281666666665,2.23125,-0.0031481481481481,0.8300000000000001,6925.045400810241,1
AS14.06,2014-05-05,7.0,7.17,0.2016448094667588,473.08859999999993,87.15681666666664,2.4875,-0.6531481481481481,0.8085365853658537,4816.897599363327,0
AS14.06,2014-04-19,6.8,6.980000000000001,0.1644515595329948,1170.9904,85.5288,2.4,-0.3631481481481481,0.5700000000000001,9303.633599996569,0
AS14.06,2014-03-31,7.0,7.640000000000001,0.1524481574388241,537.1188,78.25232499999997,1.8875,-0.0362962962962962,0.8699999999999999,7165.835600471497,0
AS14.06,2014-04-27,7.2,7.05,0.1971065778703767,913.3802,69.378,5.6,-0.4762962962962963,0.71,9317.855399703982,1
AS14.06,2014-05-03,6.25,7.2,0.1936792652583151,693.9102,47.83290833333333,2.34375,-0.4662962962962963,0.82,6765.982599830626,0
AS14.06,2014-04-01,7.75,7.44,0.157456718223912,898.0554,76.61832499999997,1.6875,-0.1762962962962962,0.6499999999999999,7088.193800354004,1
AS14.06,2014-05-02,7.2,7.2,0.1685697024536734,662.7643209302325,47.83290833333332,2.0875,-0.4362962962962962,0.82,5740.06700029373,1
AS14.06,2014-04-21,7.0,7.13,0.1141745417330436,790.8619999999999,107.08701666666666,2.34375,-0.0731481481481481,0.5800000000000001,9209.582200431823,0
AS14.06,2014-04-29,7.25,7.119999999999999,0.187869601836315,676.3543209302326,67.19350833333331,4.6875,-0.4931481481481481,0.73,6001.913200330736,1
AS14.06,2014-04-08,6.6,6.88,0.1733489087439331,614.0332000000001,104.43554166666664,2.14375,-0.5531481481481482,0.4985365853658537,6416.61059985161,0
AS14.06,2014-04-20,8.2,6.889999999999999,0.1483557497401512,1067.6982000000005,100.52910833333333,2.8,-0.2731481481481481,0.54,9457.932600307466,1
AS14.06,2014-04-16,7.6,7.383333333333335,0.2327754038078215,827.6569999999999,80.01741666666666,2.8875,-0.39,0.7366666666666667,5977.248599910736,1
AS14.06,2014-04-18,6.25,7.063333333333333,0.2041567710408629,1273.9726,104.40150833333333,2.2,-0.4631481481481481,0.5366666666666666,9425.169999790192,0
AS14.06,2014-04-05,7.0,7.15,0.18162186178446,1067.0906,101.56572499999996,2.54375,-0.3862962962962963,0.43,8307.065200281144,0
AS14.06,2014-04-12,8.2,7.12,0.1806385398574413,1064.7941999999998,189.12821666666665,2.34375,-0.16,0.7970731707317074,7669.30159955025,1
AS14.06,2014-04-26,7.5,6.95,0.1714350079603614,781.6446,62.99430833333332,3.8,-0.3631481481481481,0.63,9468.999999427797,1
AS14.07,2014-04-12,6.4,5.66,0.0791513212575647,969.6144,0.0,3.358620689655172,-0.22,0.1751282051282051,9632.311600017549,0
AS14.07,2014-04-10,6.2,6.2700000000000005,0.1031475455851212,1303.0387999999998,0.0,3.5793103448275856,-0.6617037037037037,0.6133333333333333,10669.582999753951,0
AS14.07,2014-04-06,6.75,6.16,0.1216300291380007,1813.2486,0.0,7.4,-0.7917037037037037,0.4784615384615384,10300.71639986038,0
AS14.07,2014-05-03,5.666666666666667,5.59,0.083193001278931,-14343.897399999998,0.0,4.337931034482759,-1.2033333333333334,0.3984615384615385,7921.231400918963,0
AS14.07,2014-04-08,6.8,6.17,0.1016080719943218,1345.2228,0.0,5.379310344827586,-0.6117037037037037,0.5084615384615385,9597.307400369644,0
AS14.07,2014-04-02,5.5,6.476666666666667,0.0669354982108025,1813.9906000000003,0.0,2.979310344827586,-0.27,0.8502564102564103,12037.141000175476,0
AS14.07,2014-04-09,6.4,6.29,0.0989155808263331,1306.923,0.0,4.5793103448275865,-0.6117037037037037,0.5884615384615385,9928.02060022354,0
AS14.07,2014-04-23,6.0,5.56,0.057995358285667,668.2805999999999,0.0,3.317241379310345,-0.67,0.11,6051.594400024415,0
AS14.07,2014-04-19,7.0,5.19,0.0648588195135795,1084.4872,0.0,1.9793103448275864,-0.8800000000000001,0.1151282051282051,7385.780800056456,0
AS14.07,2014-03-24,8.0,6.56,0.0803318676444272,1080.5036,0.0,3.896551724137931,-0.4750370370370371,0.8251282051282051,12287.6633998394,1
AS14.07,2014-04-22,6.0,5.12,0.0634154951452033,706.019,0.0,2.7379310344827585,-0.8700000000000001,-0.05,6471.727800035476,0
AS14.07,2014-05-04,8.0,5.373333333333333,0.0794339559941504,-14968.502799999998,0.0,2.7379310344827585,-1.3866666666666667,0.3435897435897436,5409.437000179294,1
AS14.07,2014-03-29,7.0,7.463333333333333,0.101154118227358,1912.3328,0.0,3.8,0.13,0.9666666666666666,9983.194999456404,0
AS14.07,2014-04-04,6.5,5.766666666666667,0.0882305450052373,1928.7062,0.0,5.6,-0.69,0.4402564102564102,11605.990599632263,0
AS14.07,2014-04-25,3.333333333333333,5.44,0.0945881706996979,823.6299999999999,0.0,3.937931034482759,-0.7733333333333333,0.2151282051282051,7319.341999816895,0
AS14.07,2014-03-25,7.666666666666667,6.8,0.0803318676444272,1010.0653999999998,0.0,3.9172413793103447,-0.175037037037037,0.7451282051282051,11085.72699928284,1
AS14.07,2014-05-05,5.5,5.973333333333334,0.0689646397929938,-15421.8944,0.0,3.317241379310345,-1.1866666666666668,0.4484615384615384,4519.878000211717,0
AS14.07,2014-04-14,6.2,5.8,0.0815769338936916,867.5763999999999,0.0,3.7793103448275858,-0.1817037037037037,0.3651282051282051,8902.081000709539,0
AS14.07,2014-03-26,6.6,7.283333333333333,0.0911344744760475,936.7462,0.0,3.937931034482759,-0.125037037037037,1.0617948717948718,11441.23899884224,0
AS14.07,2014-04-26,5.4,5.506666666666667,0.0924353929219201,969.849,0.0,4.358620689655172,-0.3066666666666667,0.2817948717948718,7065.483999681474,0
AS14.07,2014-04-16,4.75,5.72,0.0582226463942696,808.1828,0.0,3.358620689655172,-0.2517037037037037,0.3299999999999999,7743.253600692752,0
AS14.07,2014-04-28,6.75,5.266666666666668,0.0683449612383059,840.7849999999999,0.0,3.779310344827586,-0.3866666666666667,0.0817948717948718,7472.211600732803,0
AS14.07,2014-04-03,6.2,5.926666666666667,0.0785530203566511,2066.3862,0.0,5.379310344827585,-0.5700000000000001,0.6002564102564103,12106.325799560547,0
AS14.07,2014-04-15,6.0,5.76,0.0740896455000732,874.3525999999999,0.0,3.7793103448275858,-0.0217037037037037,0.3251282051282051,7120.3976008892105,0
AS14.07,2014-04-11,3.5,6.3100000000000005,0.0766778959900217,1064.3528,0.0,2.979310344827586,-0.47,0.5751282051282052,10716.591599988938,0
AS14.07,2014-04-13,6.5,5.859999999999999,0.0936732491957687,894.4538,0.0,2.979310344827586,-0.2117037037037037,0.2851282051282051,9220.99400019646,0
AS14.07,2014-03-31,4.333333333333333,6.970000000000001,0.0791086270994105,2093.4672,0.0,3.379310344827586,0.21,0.7951282051282051,10239.37800011635,0
AS14.07,2014-04-07,5.4,6.19,0.1167407302301545,1737.2633999999998,0.0,7.2,-0.7417037037037038,0.5184615384615385,8892.09760017395,0
AS14.07,2014-04-21,6.6,4.75,0.0722496055535116,883.8688000000002,0.0,2.358620689655172,-1.04,-0.1148717948717948,6428.667400360106,0
AS14.07,2014-05-01,5.0,5.63,0.0571198658501489,-14537.526199999998,0.0,3.758620689655172,-0.95,0.3851282051282051,9032.99860162735,0
AS14.08,2014-04-19,7.8,6.36,0.0627629811263509,129.10240000000002,62.75809999999999,1.2857142857142858,-0.52,0.6799999999999999,2499.1663997173314,1
AS14.08,2014-03-29,7.166666666666667,6.616666666666665,0.0512556462261133,276.294,91.03326666666666,1.2285714285714286,-0.4350694444444444,0.7,1786.533400249482,1
AS14.08,2014-04-15,6.4,7.279999999999999,0.0750932866814515,99.51409615384614,67.78166666666665,1.2285714285714284,0.289861111111111,1.0,2442.956000375748,0
AS14.08,2014-04-27,6.0,6.119999999999999,0.0811763428455708,131.72779999999997,91.40226666666663,1.2857142857142858,-0.2634722222222222,0.5700000000000001,1609.2958001136783,0
AS14.08,2014-04-16,6.6,7.039999999999999,0.0405968159510857,144.22209615384614,67.78166666666665,1.2285714285714284,-0.1101388888888888,0.8400000000000001,2200.700600242616,0
AS14.08,2014-05-02,7.2,6.243333333333334,0.0261635079131602,77.0364,73.41683333333332,1.2857142857142858,-0.3966666666666666,0.6633333333333333,2915.2761999130225,1
AS14.08,2014-03-25,7.2,6.68,0.0354380745287732,1037.9855999999995,73.41683333333332,1.4285714285714286,-0.4,0.8,1632.7285999298097,1
AS14.08,2014-03-19,7.0,6.5200000000000005,0.0412190975458782,174.58459999999997,62.15066666666665,1.2857142857142858,-0.5050694444444443,0.77,1951.0312001228333,0
AS14.08,2014-03-26,6.5,6.840000000000001,0.0273128313620977,80.13020000000002,73.41683333333332,1.4285714285714284,-0.48,0.8400000000000001,1558.675200033188,0
AS14.08,2014-04-03,7.0,7.073333333333333,0.0505938505166245,24.3676,73.41683333333332,1.2857142857142858,-0.4234722222222221,0.92,1282.6984001159667,0
AS14.08,2014-04-12,7.0,6.99,0.0963393007786434,137.656,73.41683333333332,1.1714285714285713,0.3049305555555556,0.8800000000000001,3070.723400068283,0
AS14.08,2014-05-03,7.4,6.483333333333334,0.0614251420208262,62.9562,73.41683333333332,1.2857142857142858,-0.3099999999999999,0.7300000000000001,2610.2329999923686,1
AS14.08,2014-05-01,7.0,6.043333333333334,0.0281364520914562,112.9868,73.41683333333332,1.2857142857142858,-0.5766666666666668,0.5533333333333333,1964.0457999229416,0
AS14.08,2014-04-04,7.5,7.039999999999999,0.0613586035185965,22.302,73.41683333333332,1.2857142857142858,-0.4452083333333332,0.9866666666666666,1611.856199741364,1
AS14.08,2014-03-21,6.6,6.44,0.0423874963396679,1024.8904,73.41683333333332,1.2285714285714286,-0.4250694444444444,0.7699999999999999,1620.194399642944,0
AS14.08,2014-04-11,7.6,6.99,0.0829682380040202,141.0882,73.41683333333332,1.2285714285714284,0.1298611111111111,0.93,3013.540799999237,1
AS14.08,2014-04-29,5.75,6.16,0.0462375993127424,124.6842,91.40226666666666,1.2857142857142858,-0.4150694444444444,0.6633333333333333,1553.175000190735,0
AS14.08,2014-04-28,5.8,6.119999999999999,0.0667823216707625,129.87399999999997,91.40226666666663,1.2857142857142858,-0.3101388888888888,0.6233333333333333,1691.1284001827244,0
AS14.08,2014-04-08,6.5,7.3,0.0696118737445333,129.60219999999998,73.41683333333332,1.3714285714285714,-0.0752083333333333,1.2066666666666666,2315.3271996974954,0
AS14.08,2014-04-20,6.4,6.6,0.0575829426924087,176.17159999999998,68.39326666666666,1.2857142857142858,-0.2799999999999999,0.8,2285.0169992923743,0
AS14.08,2014-03-11,6.6,7.12,0.057349523463966,258.1574807692307,73.41683333333332,1.2857142857142858,-0.4550694444444444,0.92,1925.3940370347768,0
AS14.08,2014-03-31,7.6,6.609999999999999,0.0592927710692198,270.03200000000004,91.03326666666666,1.2285714285714286,-0.2434722222222221,0.62,1642.022600221634,1
AS14.08,2014-03-12,7.0,7.0,0.057349523463966,258.1574807692307,73.41683333333332,1.2857142857142858,-0.2550694444444444,0.8800000000000001,1925.3940370347768,0
AS14.08,2014-04-23,5.6,6.5200000000000005,0.0399278256063628,564.9504,59.73986666666665,1.2857142857142858,-0.36,0.72,1700.96859946251,0
AS14.08,2014-04-18,6.0,6.6800000000000015,0.0539200030557266,128.94440000000003,62.75809999999999,1.2857142857142858,-0.4950694444444444,0.8,2727.636799860001,0
AS14.08,2014-04-14,6.6,7.209999999999999,0.0701859225633691,104.24369615384614,73.41683333333332,1.2285714285714286,0.2998611111111111,0.98,2238.620800256729,0
AS14.08,2014-04-02,6.6,7.003333333333335,0.0522478934539702,184.4764,73.41683333333332,1.2285714285714284,-0.3934722222222221,0.86,1530.6680000305175,0
AS14.08,2014-04-25,6.333333333333333,6.213333333333333,0.0729152373401496,534.3686,59.73986666666666,1.2857142857142858,-0.5484027777777778,0.6399999999999999,1746.5317997455595,0
AS14.08,2014-03-20,6.4,6.44,0.0423526254972827,66.0054,62.15066666666665,1.2285714285714286,-0.5050694444444446,0.7300000000000001,1641.0467998027802,0
AS14.08,2014-04-01,7.2,6.83,0.0571794228090347,204.4724,73.41683333333332,1.2285714285714284,-0.2485416666666666,0.76,1612.4405999660491,1
AS14.08,2014-03-28,6.25,6.806666666666667,0.0563806588945527,126.6522,91.03326666666663,1.4285714285714284,-0.4250694444444445,0.76,1674.1180002689368,0
AS14.08,2014-05-05,6.666666666666667,7.013333333333333,0.1037936977639631,82.86100000000002,73.41683333333332,1.2285714285714286,-0.06,0.96,2602.581599998472,0
AS14.08,2014-03-30,6.8,6.69,0.0469828877990684,282.7676,91.03326666666666,1.2285714285714286,-0.3084027777777777,0.7,1631.3006004333497,0
AS14.08,2014-03-17,5.4,6.88,0.057349523463966,247.5576961538461,62.15066666666665,1.2857142857142858,-0.3450694444444444,0.93,1953.9378076606329,0
AS14.08,2014-04-21,6.4,6.6,0.0517446298333048,571.7702,68.39326666666666,1.2857142857142858,-0.36,0.8400000000000001,1918.6387993812564,0
AS14.08,2014-03-24,6.8,6.720000000000001,0.0387799246204386,1045.0676,73.41683333333332,1.3714285714285714,-0.28,0.8,1604.621999788284,0
AS14.08,2014-04-07,7.0,7.220000000000001,0.0507751564573803,63.2746,73.41683333333332,1.4285714285714284,-0.1001388888888888,1.1666666666666663,1566.2784001350408,0
AS14.08,2014-04-30,6.666666666666667,5.976666666666667,0.0268356466144637,123.68999999999998,91.40226666666666,1.2857142857142858,-0.5317361111111112,0.5133333333333334,1565.217000293732,0
AS14.08,2014-04-17,6.2,6.840000000000001,0.0394891774015787,158.28969615384614,62.75809999999999,1.2857142857142858,-0.3501388888888889,0.8,2229.169000005723,0
AS14.09,2014-04-04,7.25,7.229999999999999,0.0994880597166402,1237.432,7.049200000000001,3.0,-0.2860416666666666,0.5990243902439024,7630.067799806595,1
AS14.09,2014-04-10,6.0,6.840000000000001,0.0906448412698412,234.326,3.629466666666667,3.0347826086956524,-0.2160416666666666,0.5990243902439025,5267.649601125719,0
AS14.09,2014-04-27,6.25,7.076666666666666,0.0743461700336699,345.4456,9.035333333333334,5.6173913043478265,-0.0596874999999999,0.7466666666666667,1872.525799942016,0
AS14.09,2014-04-11,6.8,6.540000000000001,0.0735912698412698,246.9936,5.234133333333334,2.626086956521739,-0.0230208333333333,0.5680487804878049,4606.348401260377,0
AS14.09,2014-04-30,7.0,6.970000000000001,0.09261539190495,225.9011333333333,9.035333333333334,3.0434782608695654,-0.3360416666666667,0.67,3242.791032699636,0
AS14.09,2014-04-29,6.75,7.06,0.0852224105404492,160.52948888888886,9.035333333333334,3.434782608695653,-0.1960416666666666,0.77,2518.701421787932,0
AS14.09,2014-03-26,7.75,6.840000000000001,0.0560078803543997,173.1002,7.760866666666667,2.626086956521739,0.2439583333333333,0.4433333333333332,5603.306400251388,1
AS14.09,2014-04-22,6.6,6.87,0.0790403641248437,48.71640000000001,20.6972,2.217391304347826,-0.4760416666666666,0.62,1548.2603999614716,0
AS14.09,2014-03-31,7.0,7.909999999999999,0.077485107415767,636.983,6.841200000000001,3.0,-0.31,0.91,7875.040199804307,0
AS14.09,2014-04-06,6.8,7.229999999999999,0.0987634220354808,901.795,6.4316,3.208695652173913,-0.2390624999999999,0.6590243902439025,7009.976400232315,0
AS14.09,2014-03-27,7.8,6.99,0.0574714485705864,292.3262,7.539066666666666,2.626086956521739,0.3869791666666667,0.3933333333333333,6712.145000505448,1
AS14.09,2014-04-25,7.25,6.576666666666666,0.0405009469696969,343.4422,9.035333333333334,5.408695652173913,-0.3096875,0.4966666666666667,1514.1487998008724,1
AS14.09,2014-04-16,5.5,6.32,0.1055654761904761,112.11864444444444,8.234066666666667,2.017391304347826,-0.3290624999999999,0.4780487804878049,2448.7143997669214,0
AS14.09,2014-03-28,8.25,7.15,0.0503186707928086,304.6306,6.684333333333333,2.217391304347826,0.35,0.42,6604.781200170517,1
AS14.09,2014-04-26,8.0,6.776666666666666,0.0553541666666665,343.84440000000006,9.035333333333334,5.408695652173913,-0.2166666666666666,0.6466666666666667,1682.683599901199,1
AS14.09,2014-05-02,7.6,6.82,0.078997735105332,350.25022222222213,9.035333333333334,3.0434782608695654,-0.4930208333333333,0.5700000000000001,4384.285054213292,1
AS14.09,2014-03-29,8.0,7.45,0.0596076919568298,346.774,6.096466666666666,2.4086956521739133,0.1499999999999999,0.5700000000000001,7266.222000598909,1
AS14.09,2014-05-01,7.5,6.92,0.0852520601381376,295.14657777777774,9.035333333333334,3.0434782608695654,-0.4860416666666666,0.62,3866.897043376356,1
AS14.09,2014-04-18,6.6,6.0600000000000005,0.0940276353763195,50.0104,8.234066666666667,1.8173913043478265,-0.3860416666666666,0.2980487804878049,1328.0324000358578,0
AS14.09,2014-04-28,6.6,7.006666666666666,0.0772669291759485,252.62584444444445,9.035333333333334,3.22608695652174,-0.2196874999999999,0.7166666666666666,2226.903210879661,0
AS14.09,2014-04-05,7.5,7.13,0.0923050887021474,1015.8598000000002,7.049200000000001,3.2,-0.2360416666666666,0.5490243902439025,7278.73879995346,1
AS14.09,2014-04-17,7.0,6.0600000000000005,0.0858252164502163,113.74124444444442,8.234066666666667,2.017391304347826,-0.3860416666666666,0.3080487804878049,1454.0553999900817,0
AS14.09,2014-04-13,6.0,6.7,0.0669345238095237,228.58424444444444,7.434666666666667,2.4173913043478263,0.0709375,0.5690243902439025,3784.2110002994536,0
AS14.09,2014-04-15,6.0,6.32,0.0939285714285713,111.26344444444445,8.234066666666667,2.017391304347826,-0.1360416666666666,0.4780487804878049,2520.4524001598347,0
AS14.09,2014-04-02,6.2,7.720000000000001,0.0874442144007361,1052.282,7.4604,3.8,-0.4130208333333333,0.76,9279.748600101471,0
AS14.09,2014-04-09,6.5,6.99,0.0990277777777777,198.5552,3.629466666666667,3.0347826086956524,-0.4160416666666666,0.6990243902439024,5789.558600997926,0
AS14.09,2014-04-23,6.333333333333333,6.790000000000001,0.0698278441886396,205.267,20.6972,5.017391304347827,-0.4730208333333333,0.55,1628.4503997802735,0
AS14.09,2014-05-03,7.75,7.090000000000001,0.078997735105332,350.25022222222213,9.035333333333334,3.0434782608695654,-0.3360416666666667,0.68,4384.285054213292,1
AS14.12,2014-05-04,4.8,5.909999999999999,0.1025801018409279,2137.7268000000004,77.3536,2.2,-0.2546551724137931,0.5733333333333334,9112.390000200268,0
AS14.12,2014-04-01,6.4,6.505,0.1018206925322741,2779.417,128.21019999999996,3.6,0.1706896551724138,0.6633333333333333,6686.221000146866,0
AS14.12,2014-04-05,6.2,6.140000000000001,0.1313040065443505,1351.0072,388.7641,3.4,0.31,0.5527777777777778,8684.686000061034,0
AS14.12,2014-04-18,6.6,6.56,0.1264037752959766,1839.8864,131.16119999999998,3.0,-0.0446551724137931,0.8427777777777778,7689.969400691986,0
AS14.12,2014-04-28,6.6,6.255,0.1720903972555502,1645.0297999999998,107.06979999999996,3.4,-0.0543103448275861,0.705,5158.985599374771,0
AS14.12,2014-04-06,6.25,6.1,0.1468543712171008,1482.8362000000002,416.5194,3.8,0.2253448275862069,0.5527777777777778,8888.904200220106,0
AS14.12,2014-04-12,6.8,6.18,0.1228316573784577,9405.0504,119.15919999999998,2.6,-0.0293103448275862,0.47,7541.97459936142,0
AS14.12,2014-04-02,6.0,6.385,0.1003210161885475,2899.1514,128.2102,3.6,0.3506896551724138,0.6133333333333333,7251.600599908828,0
AS14.12,2014-04-03,5.4,6.234999999999999,0.107295322221896,2096.4664,176.51749999999998,2.4,0.2753448275862069,0.53,7799.086799955367,0
AS14.12,2014-05-03,5.6,6.11,0.1026316198276079,1965.3478,94.4769,2.4,-0.2946551724137931,0.7333333333333333,8819.09719996452,0
AS14.12,2014-04-04,6.5,5.965000000000001,0.1135485623045643,1264.3372,314.9298,2.0,0.1553448275862069,0.4527777777777778,7820.456400442122,0
AS14.12,2014-05-01,6.2,6.37,0.1625290228139831,1497.7796000000003,106.93479999999995,3.0,-0.2046551724137931,0.8833333333333334,4940.1861997604365,0
AS14.12,2014-04-24,6.6,6.1,0.1473568704151039,8372.925599999999,118.91069999999998,3.2,0.1553448275862069,0.79,10108.246399974823,0
AS14.12,2014-05-02,5.5,6.21,0.1151276093905221,1592.6164,90.02309999999999,2.4,-0.2946551724137931,0.7833333333333333,6406.884799957274,0
AS14.12,2014-04-11,6.6,6.109999999999999,0.1259717445797693,7574.270999999999,119.15919999999998,2.8,0.1206896551724138,0.42,7127.945399808884,0
AS14.12,2014-04-23,5.8,6.26,0.1404539175779114,8278.9,141.26639999999998,2.6,0.04,0.79,10164.888000011448,0
AS14.12,2014-04-19,5.8,6.76,0.1233229349328865,1751.4222000000002,153.31069999999994,3.0,-0.284655172413793,0.8799999999999999,7140.4648001194,0
AS14.12,2014-04-26,7.0,6.154999999999999,0.1138506726054729,2049.3776,135.24429999999998,2.6,-0.0996551724137931,0.705,7973.761999607088,0
AS14.12,2014-04-07,6.4,6.069999999999999,0.136138164143378,1329.4825999999998,416.5194,4.0,0.1953448275862069,0.5527777777777778,7673.988200426099,0
AS14.12,2014-04-21,6.0,6.5200000000000005,0.1593144965857343,8323.8362,135.0915,3.0,-0.084655172413793,0.8,8607.213000535967,0
AS14.12,2014-05-05,6.0,5.67,0.1096603189224909,2346.2282000000005,74.2607,2.0,-0.3346551724137931,0.3333333333333333,9396.122400474544,0
AS14.12,2014-04-08,6.25,6.15,0.131857142517763,1480.8392,338.0262000000001,4.0,0.3153448275862068,0.6861111111111111,6230.590000391007,0
AS14.12,2014-04-15,6.8,6.4,0.094434198386572,3512.3634,104.83469999999996,2.4,-0.0246551724137931,0.7627777777777778,7290.441599941254,0
AS14.12,2014-04-29,6.0,6.415000000000001,0.166271157275044,1782.7406000000003,129.42549999999997,2.6,-0.169655172413793,0.745,4830.591399621962,0
AS14.13,2014-03-31,7.0,7.359999999999999,0.245609978385734,472.8656,62.402707692307686,1.8,-1.12,1.0,8983.632799863815,0
AS14.13,2014-04-04,7.8,7.140000000000001,0.3033561695905362,1145.052,69.6613846153846,2.2,-1.06,0.96,8609.042598867414,1
AS14.13,2014-05-02,8.0,8.166666666666668,0.2658310065757344,382.419,52.8764,2.0,-1.1166666666666667,1.35,8679.620799970626,1
AS14.13,2014-04-02,7.4,7.1,0.3094551750827636,1135.0186,62.402707692307686,2.0,-1.22,0.92,8047.707999801636,1
AS14.13,2014-03-27,7.4,8.120000000000001,0.1845545457638709,440.6415999999999,69.6613846153846,1.8,0.8400000000000001,1.44,7527.099199962615,1
AS14.13,2014-04-03,7.6,7.06,0.3165800161467894,875.399,69.6613846153846,2.0,-1.26,0.8800000000000001,7456.565399265288,1
AS14.13,2014-04-16,6.0,6.6,0.2693001470728405,850.4324,102.28050769230768,2.2,-2.220446049250313e-17,0.8400000000000001,6581.218800020218,0
AS14.13,2014-04-19,7.2,5.74,0.2257657594683687,750.9860000000001,73.41303076923077,2.0,-0.7699999999999999,0.39,6466.3812001228325,1
AS14.13,2014-05-03,7.25,8.166666666666666,0.2576127177650246,435.9799999999999,63.11900000000001,2.0,-1.2966666666666669,1.21,7572.836000013352,1
AS14.13,2014-03-18,7.0,6.960000000000001,0.2510413289318141,1012.5524,69.6613846153846,1.8,-0.6120512820512821,0.76,4249.358799648285,0
AS14.13,2014-04-18,3.5,6.359999999999999,0.2323975317156813,770.2236,73.41303076923076,2.0,-0.53,0.75,7904.069399929047,0
AS14.13,2014-04-17,6.4,6.44,0.2432151601643243,791.3109999999999,106.60323076923076,2.4,-0.1699999999999999,0.75,7100.2865998744965,0
AS14.13,2014-03-23,7.4,7.2,0.1936444531819491,575.7882,69.6613846153846,2.0,0.48,0.8800000000000001,10357.035998916628,1
AS14.13,2014-03-29,7.2,7.959999999999999,0.230662892924426,519.2618,62.402707692307686,1.8,-0.1999999999999999,1.36,7899.083799695967,1
AS14.13,2014-04-21,7.4,5.94,0.2001822329629594,480.94180000000006,72.40747692307693,1.8,-0.93,0.47,6145.0210003376005,1
AS14.13,2014-03-19,7.8,6.960000000000001,0.2510413289318141,1110.937,69.6613846153846,2.0,-0.252051282051282,0.72,4548.654199361801,1
AS14.13,2014-05-01,8.333333333333334,8.260000000000002,0.2703744337157798,377.495,47.20007692307692,2.0,-1.2766666666666668,1.27,8867.205800008775,1
AS14.13,2014-04-08,8.2,7.17,0.2570990713525091,847.1258000000001,69.6613846153846,2.0,-0.27,0.99,10166.63900003433,1
AS14.13,2014-03-20,6.4,6.959999999999999,0.2510413289318141,909.1388,69.6613846153846,2.0,-0.332051282051282,0.68,6123.09579882622,0
AS14.13,2014-04-23,7.4,6.089999999999999,0.2098708635073149,669.9556,68.65583076923076,1.8,-1.17,0.47,6109.907800626754,1
AS14.13,2014-04-22,5.75,6.220000000000001,0.1639460209511488,419.63020000000006,68.08475384615386,1.8,-1.16,0.52,6970.625200653075,0
AS14.13,2014-04-10,7.6,7.290000000000001,0.2198775230339239,794.5522,69.6613846153846,2.2,0.13,1.0299999999999998,11203.425799322127,1
AS14.13,2014-04-28,8.166666666666666,7.923333333333334,0.3502763477312024,583.285,59.015707692307686,2.2,-0.47,1.27,8883.129399967194,1
AS14.13,2014-03-28,7.6,7.92,0.1873786717545562,259.06319999999994,69.6613846153846,1.8,0.3199999999999999,1.3199999999999998,6774.468599796295,1
AS14.13,2014-04-09,7.8,7.290000000000001,0.2211729452684036,747.9307999999999,69.6613846153846,1.8,0.05,0.99,9967.555400609968,1
AS14.13,2014-04-05,6.8,7.459999999999999,0.3205783173940467,1323.3112,69.6613846153846,2.2,-1.06,1.0,8315.208999633789,0
AS14.13,2014-05-04,8.0,7.983333333333332,0.2480672955469254,346.0622,73.78667692307693,2.0,-1.1133333333333333,1.21,6012.023800039292,1
AS14.13,2014-04-07,7.4,7.17,0.2697397290069642,874.2299999999999,69.6613846153846,2.2,-0.43,0.99,9881.93039960861,1
AS14.13,2014-03-25,7.6,7.480000000000001,0.1785430455243474,452.1628,69.6613846153846,2.0,1.08,1.04,9017.504999542236,1
AS14.13,2014-04-29,8.5,8.076666666666666,0.3223153659721224,575.894,48.34803076923076,2.0,-0.6433333333333333,1.27,9673.268399906156,1
AS14.13,2014-04-01,7.5,7.08,0.2433243316850117,495.3594,62.402707692307686,1.8,-1.16,0.92,8261.849599504469,1
AS14.13,2014-04-15,6.0,6.919999999999999,0.257155516993992,413.0546,91.36203076923076,2.0,0.2799999999999999,1.0,6634.031399583817,0
AS14.13,2014-04-25,7.75,6.963333333333333,0.3133410725871615,584.1682,58.73610769230768,2.2,-0.8099999999999999,0.8699999999999999,7641.0648007392865,1
AS14.14,2014-04-07,7.0,7.326666666666666,0.0364775428873393,1323.003,30.7294,1.6857142857142855,-1.02,0.92,1241.8717998027803,0
AS14.14,2014-04-09,8.0,7.220000000000001,0.0195865122766679,8800.015,30.7294,1.514285714285714,-0.8,0.8800000000000001,812.0095999717711,1
AS14.14,2014-04-05,7.4,6.956666666666666,0.0470509567898691,1416.9294,37.659,2.2857142857142856,-0.6205405405405405,0.8300000000000001,1396.793999576569,1
AS14.14,2014-04-11,7.75,7.173333333333334,0.0493064638166059,8787.4926,37.659,1.514285714285714,-0.2799999999999999,0.96,842.2861999511719,1
AS14.14,2014-03-26,7.0,6.09,0.1009203122203085,4418.817,37.659,3.1142857142857148,-0.61,0.4903252032520324,11467.336200141906,0
AS14.14,2014-03-29,8.0,6.410000000000001,0.0909786203452162,3981.1772,37.659,1.1714285714285713,-0.5700000000000001,0.6901626016260163,12157.81820011139,1
AS14.14,2014-03-30,6.5,6.709999999999999,0.1077402386134559,3933.4464000000007,37.659,1.0,-0.42,0.8901626016260163,10583.456399679184,0
AS14.14,2014-03-27,6.6,6.21,0.093479871290776,4472.992,37.659,1.514285714285714,-0.53,0.6103252032520324,11522.889400291442,0
AS14.14,2014-04-24,7.333333333333333,7.05,0.0208326991137336,937.239,37.659,1.514285714285714,-0.38,0.6866666666666668,620.9070001125335,1
AS14.14,2014-03-28,6.2,6.37,0.0903291511036204,3705.2402,37.659,1.3428571428571427,-0.6100000000000001,0.6101626016260162,11585.686000728609,0
AS14.14,2014-04-23,7.0,6.95,0.0160661056947568,854.365,37.659,1.514285714285714,-0.38,0.7801626016260162,510.7432001113892,0
AS14.14,2014-04-25,8.0,7.166666666666667,0.0334260697953396,987.5198,36.6118,1.514285714285714,-0.3633333333333333,0.6866666666666668,693.1524000644683,1
AS14.14,2014-04-12,7.5,7.243333333333334,0.0487310076454369,9637.2444,37.659,1.714285714285714,0.12,0.96,700.1971999168396,1
AS14.14,2014-05-05,7.0,6.653333333333333,0.0313447982771262,243.63780000000003,37.659,1.857142857142857,0.1655855855855856,0.86,362.2894001960754,0
AS14.14,2014-04-20,7.5,6.29,0.0272120893812069,4326.1214,45.6358,1.857142857142857,-0.3205405405405405,0.556829268292683,446.3776000022889,1
AS14.14,2014-04-01,6.2,6.81,0.0743361467018654,8270.1654,37.659,1.6,-0.58,0.8800000000000001,6947.360399913788,0
AS14.14,2014-04-04,7.5,6.756666666666666,0.0481974323631178,6631.9018,37.659,2.114285714285714,-0.6205405405405405,0.8300000000000001,1868.5393997669223,1
AS14.14,2014-04-08,6.8,7.326666666666666,0.0255455136933265,1057.9062,30.7294,1.6857142857142855,-0.86,0.92,1195.9699999809268,0
AS14.14,2014-04-19,6.75,6.44,0.028197616925558,4333.4468,45.6358,1.857142857142857,-0.441081081081081,0.556829268292683,460.1359999656678,0
AS14.14,2014-03-31,6.75,6.859999999999999,0.0922617839078765,8193.3634,37.659,1.0,-0.5700000000000001,0.93,8485.690799951553,0
AS14.15,2014-04-01,7.2,7.160000000000001,0.1684033031811145,345.8629804878049,63.61956,9.4,0.08,0.96,785.0293122535799,1
AS14.15,2014-04-05,7.8,7.2,0.1691626851279964,371.1155609756098,63.62456,4.8,0.56,1.0,1064.760024405689,1
AS14.15,2014-05-03,6.8,6.720000000000001,0.0934974590252702,206.21258048780493,77.2647,2.9047619047619047,0.6799999999999999,0.3304081632653062,663.1165122276399,0
AS14.15,2014-04-03,7.2,7.2,0.2301401436540494,336.6975804878049,49.97942,7.0,-0.08,0.96,954.5403122192474,1
AS14.15,2014-03-28,7.2,7.040000000000001,0.1194426783348075,346.31440000000003,66.10456,5.904761904761905,0.8800000000000001,0.92,1456.5945999622345,1
AS14.15,2014-04-04,7.2,7.24,0.1870620333398446,386.3343609756098,63.62456,5.4,0.2799999999999999,1.0,1130.850424481601,1
AS14.15,2014-04-17,6.4,7.08,0.1053997758442537,654.7765609756098,93.41396,6.552380952380952,0.8,1.0,2004.9604242336457,0
AS14.15,2014-04-20,7.0,6.68,0.1234743730447302,698.3051804878049,113.60842000000002,3.457142857142857,-0.0306802721088435,0.8874829931972791,1620.9259119754884,0
AS14.15,2014-05-04,7.0,6.68,0.0937831733109845,162.0343804878049,77.2647,2.5523809523809526,0.52,0.2904081632653061,393.9403122669314,0
AS14.15,2014-03-19,7.4,6.603333333333334,0.1121968925466328,407.2783804878049,70.84896,5.8,0.1359863945578231,0.6704081632653061,939.9279122596836,1
AS14.15,2014-04-19,7.0,6.68,0.1341996816867055,744.8533804878049,129.75768,2.704761904761905,0.2093197278911565,0.9274829931972792,2109.671911979303,0
AS14.15,2014-04-18,6.0,6.88,0.1042092996537776,767.7251609756098,79.96862,5.9523809523809526,0.6893197278911565,0.9637414965986396,2039.9526242744628,0
AS14.15,2014-03-24,7.0,7.08,0.0851068898347462,415.13198048780487,62.41376,4.904761904761905,0.16,1.0,824.8049122100923,0
AS14.15,2014-03-30,7.4,7.08,0.1419479798153337,432.51060000000007,63.61956,7.6,0.64,0.92,1634.3565999031066,1
AS14.15,2014-04-22,7.0,6.720000000000001,0.1049442804521376,474.51678048780497,130.63188,4.20952380952381,0.0186394557823129,0.8874829931972791,1574.2763120418635,0
AS14.15,2014-03-20,7.0,6.783333333333334,0.1121968925466328,427.5699609756098,70.84896,5.8,0.2259863945578231,0.8104081632653062,1106.569224406452,0
AS14.15,2014-05-02,7.0,6.720000000000001,0.1012462042601098,193.7398,77.2647,2.904761904761905,0.79,0.3504081632653061,948.2948000907896,0
AS14.15,2014-04-09,7.0,6.959999999999999,0.105087457552021,236.6651804878049,77.2647,3.2,0.4000000000000001,0.7637414965986395,556.6111122852417,0
AS14.15,2014-03-21,7.0,6.833333333333333,0.0960369076227422,511.3421609756098,70.84896,5.2,0.1959863945578231,0.9104081632653062,1334.889224292011,0
AS14.15,2014-04-24,7.0,7.040000000000001,0.112974731752543,301.41716097560976,84.48382000000001,3.8571428571428568,0.2986394557823129,0.96,1130.3940243255795,0
AS14.15,2014-04-23,7.0,6.840000000000001,0.1088274796617425,319.24896097560986,144.07721999999998,4.40952380952381,0.0186394557823129,0.9237414965986396,1321.5960242759888,0
AS14.15,2014-04-11,7.0,6.8,0.0481131633244373,247.6299609756098,77.2647,3.0,0.2493197278911564,0.7637414965986395,748.4056244384949,0
AS14.15,2014-04-29,7.0,6.840000000000001,0.0812512547651604,311.89399999999995,77.2647,4.504761904761905,0.8699999999999999,0.7637414965986395,1220.6392002105713,0
AS14.15,2014-03-29,7.0,7.08,0.0988698695011291,459.7310000000001,66.10456,6.552380952380952,1.08,0.92,1660.7351999282837,0
AS14.15,2014-04-10,7.2,6.92,0.0741657949033847,208.1959609756098,77.2647,3.6,0.3693197278911565,0.7637414965986395,623.8350244533723,1
AS14.15,2014-04-06,6.2,7.32,0.1746818981990933,302.0241804878049,63.62456,3.2,0.72,1.0,854.592312265024,0
AS14.15,2014-05-05,7.0,6.6800000000000015,0.1078955391872561,233.22216097560985,77.2647,2.5523809523809526,0.2799999999999999,0.3437414965986395,598.1600244533727,0
AS14.15,2014-04-08,6.8,7.039999999999999,0.105087457552021,236.6651804878049,77.2647,3.4,0.48,0.8437414965986395,556.6111122852418,0
AS14.15,2014-03-26,7.2,7.0,0.0800165778478825,411.7614,51.25362,4.057142857142858,0.36,0.92,702.5102001190186,1
AS14.15,2014-04-30,6.0,6.840000000000001,0.0767512547651604,221.7982,77.2647,3.752380952380952,0.71,0.6304081632653062,979.8064001560208,0
AS14.15,2014-04-02,7.2,7.2,0.2006560166699223,393.5729804878049,63.61956,7.2,-2.220446049250313e-17,0.96,938.9079122310732,1
AS14.15,2014-04-16,7.0,7.08,0.0877625403945183,439.9375609756097,93.41396,5.8,0.8400000000000001,0.96,1601.6758243095585,0
AS14.15,2014-04-26,6.2,7.040000000000001,0.119224731752543,277.68098048780496,84.48382000000001,4.3047619047619055,0.8093197278911564,1.0,1090.9165121799565,0
AS14.16,2014-04-04,6.2,5.970000000000001,0.1087497023655804,71.50299999999999,0.0,3.581818181818182,-0.19,0.6533333333333333,2238.654800128938,0
AS14.16,2014-03-31,6.0,5.85,0.1556862116766692,114.7802,0.0,2.781818181818182,-0.0696212121212121,0.55,1182.3506000995644,0
AS14.16,2014-04-30,7.0,7.229999999999999,0.1571853454516496,151.34279999999998,0.0,5.49090909090909,0.28,1.0,430.5603999614716,0
AS14.16,2014-04-02,6.4,5.89,0.1681772865616235,107.9274,0.0,3.181818181818182,-0.3,0.6366666666666667,667.8362000465397,0
AS14.16,2014-03-27,6.0,6.3,0.0840653803684579,148.9296,0.0,3.872727272727273,0.3807575757575757,0.6799999999999999,1176.1032001018525,0
AS14.16,2014-04-03,6.25,5.87,0.156778332167867,89.95079999999999,0.0,3.2909090909090906,-0.19,0.6866666666666666,2292.915000104905,0
AS14.16,2014-04-24,5.4,7.06,0.0860357939900616,232.69856078431377,0.0,3.2727272727272734,1.096666666666667,0.96,980.5492820674295,0
AS14.16,2014-04-18,6.8,6.85,0.0828038982070432,159.3598,0.0,2.2,0.4703787878787879,0.8,294.0056002140045,0
AS14.16,2014-04-14,7.0,6.840000000000001,0.1109078042417317,80.0904,0.0,2.490909090909091,0.4503787878787879,0.9,954.3946000099188,0
AS14.16,2014-03-18,6.6,7.12,0.0921153168812028,84.8116,0.0,3.2727272727272725,-0.38,0.8299999999999998,363.463199853897,0
AS14.16,2014-04-17,7.0,6.85,0.073508056767544,130.9646,0.0,2.4,0.8403787878787877,0.8,208.75000023841852,0
AS14.16,2014-04-16,7.25,6.8,0.0538274564113697,94.0188,0.0,2.690909090909091,0.7903787878787878,0.8,139.44120001792902,1
AS14.16,2014-03-23,7.0,6.3933333333333335,0.0461417231168295,147.475,0.0,2.890909090909091,0.5737121212121212,0.6566666666666666,533.2626000881195,0
AS14.16,2014-03-29,5.75,6.1,0.1335344918505385,134.60399999999998,0.0,2.963636363636364,0.1307575757575757,0.53,1222.3030000209817,0
AS14.16,2014-04-20,7.0,6.970000000000001,0.1056428884298077,194.1969803921569,0.0,2.290909090909091,0.6303787878787879,0.9,852.491341134614,0
AS14.16,2014-03-19,6.4,6.839999999999999,0.0829045839318963,113.0228,0.0,3.072727272727273,-0.1999999999999999,0.65,479.463600063324,0
AS14.16,2014-04-27,7.2,6.640000000000001,0.118165429493443,147.79500000000002,0.0,4.181818181818182,0.49,0.72,757.2967997074127,1
AS14.16,2014-04-08,6.4,6.640000000000001,0.1060430576141052,292.7472,0.0,3.072727272727273,-0.2529545454545454,0.8266666666666665,1820.095000028609,0
AS14.16,2014-03-20,5.666666666666667,6.639999999999999,0.064037010122851,117.49980000000002,0.0,3.5636363636363635,-0.0596212121212121,0.62,475.5268001079559,0
AS14.16,2014-04-21,7.25,7.05,0.1156360033643941,201.37976078431376,0.0,2.781818181818182,0.7770454545454545,1.0,1047.2598823005085,1
AS14.16,2014-04-10,6.6,6.87,0.1307673987474812,164.1492,0.0,3.381818181818182,-0.1129545454545454,0.9333333333333332,1444.2225999832149,0
AS14.16,2014-04-23,7.25,6.970000000000001,0.0715799714017089,218.51736078431367,0.0,3.163636363636364,1.0070454545454546,0.96,1146.6422819072127,1
AS14.16,2014-03-28,6.5,6.2,0.1297311713861076,145.383,0.0,3.4727272727272727,0.3411363636363636,0.58,1263.747000122071,0
AS14.16,2014-04-09,7.2,6.67,0.1115501955570016,286.3882,0.0,3.981818181818182,-0.0529545454545454,0.8933333333333333,1793.7862000465386,1
AS14.16,2014-04-05,7.0,6.130000000000001,0.1270171335896563,171.9656,0.0,3.581818181818182,-0.31,0.6133333333333333,3054.0276000499744,0
AS14.16,2014-05-02,8.0,7.24,0.0979816936662809,140.9846,0.0,5.4,0.2003787878787878,1.0,525.1786001205444,1
AS14.16,2014-04-07,7.0,6.5200000000000005,0.0948545202884533,254.3008,0.0,3.181818181818182,-0.2529545454545454,0.8266666666666665,3106.1992000103005,0
AS14.16,2014-03-25,6.0,6.473333333333334,0.0693868516112658,167.2454,0.0,3.2909090909090906,0.554090909090909,0.7766666666666666,607.8036000251769,0
AS14.16,2014-04-29,7.0,6.909999999999999,0.1527462573658224,72.1338,0.0,4.6909090909090905,0.3399999999999999,0.76,411.4005999088287,0
AS14.16,2014-04-01,5.8,5.93,0.1645092732678744,102.22599999999998,0.0,2.690909090909091,-0.1596212121212121,0.5666666666666667,691.927400064469,0
AS14.16,2014-04-15,6.6,6.8,0.0697051840656953,101.0262,0.0,3.090909090909091,0.7103787878787878,0.9,356.5576000690459,0
AS14.16,2014-04-25,7.2,6.7,0.0519704119083752,215.3195803921569,0.0,3.4727272727272727,0.7366666666666666,0.72,1022.8959408965763,1
AS14.17,2014-04-06,7.25,7.220000000000001,0.1420264607824865,822.3334000000001,257.3660705882353,2.0,0.13,0.91,5868.015800857544,1
AS14.17,2014-04-02,7.5,7.33,0.1426841645900718,533.9982,300.1728117647059,3.626086956521739,0.66,0.92,5448.091800928114,1
AS14.17,2014-05-01,8.0,7.19,0.1256207373313597,5322.888199999999,233.4338823529412,2.565217391304348,0.91,0.8666666666666668,4140.725798988342,1
AS14.17,2014-04-04,7.0,7.470000000000001,0.0934951746804751,850.2268,289.3551411764705,2.226086956521739,0.51,0.95,5393.2522005558,0
AS14.17,2014-03-29,6.8,7.220000000000001,0.1283277003684269,532.816,196.09121176470583,2.426086956521739,0.4733333333333333,0.8133333333333332,7557.485400676727,0
AS14.17,2014-04-05,7.0,7.269999999999999,0.1237957115618943,881.0586,257.36607058823523,1.9130434782608696,0.19,0.91,6184.599600982665,0
AS14.17,2014-04-26,8.0,7.13,0.1048265098858691,3432.3082000000004,212.89161176470589,1.9130434782608696,0.6799999999999999,1.0,6603.908600378039,1
AS14.17,2014-04-20,7.2,7.040000000000001,0.1371110385878595,464.86820000000006,149.87921176470587,2.139130434782609,0.72,1.0,4734.402600622176,1
AS14.17,2014-04-16,7.2,7.12,0.1272682988673887,867.0256000000002,168.5978117647059,2.2521739130434786,0.36,1.0,5210.605599641799,1
AS14.17,2014-03-09,7.2,7.470000000000001,0.1269157888527695,2050.766955555556,227.00435294117648,2.426086956521739,0.5633333333333332,1.1766666666666663,5641.5983112918,1
AS14.17,2014-04-19,7.0,7.040000000000001,0.1206860393019156,546.1966,134.2483411764706,1.826086956521739,0.6799999999999999,1.0,4789.741600227355,0
AS14.17,2014-04-18,7.0,7.08,0.0981079390953931,637.9464,134.24834117647055,2.139130434782609,0.44,1.0,5661.48500022888,0
AS14.17,2014-03-14,8.0,6.876666666666667,0.1269157888527695,2050.766955555556,227.00435294117648,3.052173913043478,0.5982424242424242,0.6033333333333333,5641.5983112918,1
AS14.17,2014-03-31,7.25,7.280000000000001,0.1255657287834334,469.9028,187.62768235294115,3.226086956521739,0.56,0.8,5733.82620100975,1
AS14.17,2014-04-22,6.6,7.12,0.1362612770782092,221.624,232.8628823529412,1.939130434782609,0.6399999999999999,1.0,4325.4048002719865,0
AS14.17,2014-03-10,7.333333333333333,7.510000000000001,0.1269157888527695,2050.766955555556,227.00435294117648,2.426086956521739,0.6233333333333333,0.9766666666666666,5641.5983112918,1
AS14.17,2014-04-29,7.0,7.269999999999999,0.1413037283964508,6127.497399999999,258.49641176470584,2.5391304347826087,0.8300000000000001,0.8666666666666666,4869.2511994361885,0
AS14.17,2014-04-10,6.75,7.05,0.0820648393912245,717.2416000000001,392.8466117647059,2.7391304347826084,0.42,1.05,6794.801199960709,0
AS14.17,2014-03-11,6.2,7.376666666666667,0.1269157888527695,2050.766955555556,227.00435294117648,2.7391304347826084,0.6233333333333333,0.8433333333333334,5641.5983112918,0
AS14.17,2014-04-23,7.25,7.040000000000001,0.1231554018239149,225.2886,232.8628823529412,1.939130434782609,0.6799999999999999,1.0,5120.371000432968,1
AS14.17,2014-04-12,7.2,6.99,0.0984887747209757,967.7412,357.6961411764706,2.652173913043478,0.61,1.0,7550.113999891282,1
AS14.17,2014-04-25,7.2,7.130000000000001,0.0883273659749977,3346.1656000000003,193.68761176470588,1.626086956521739,0.6799999999999999,1.0,7802.092400550844,1
AS14.17,2014-03-30,8.0,7.18,0.1363035958467982,473.24,196.0912117647059,3.226086956521739,0.4600000000000001,0.8,6315.142800998688,1
AS14.17,2014-04-11,7.2,7.0,0.0643916565180614,782.7632000000001,357.6961411764706,2.652173913043478,0.58,1.05,7569.839799785615,1
AS14.17,2014-04-07,7.0,7.19,0.1200487941918845,641.4104,144.8209411764706,1.7130434782608694,0.06,0.96,5491.757000541686,0
AS14.17,2014-05-03,7.166666666666667,7.15,0.1346525311131691,3690.4906,233.4338823529412,2.2521739130434786,0.91,0.8666666666666666,4672.915799665451,1
AS14.17,2014-04-09,7.0,7.05,0.0921857565702943,656.7718000000001,330.6180117647059,2.426086956521739,0.25,1.01,6361.5208003997805,0
AS14.17,2014-03-27,7.2,7.3,0.1125661586879093,1203.0659999999998,235.4678823529412,2.7391304347826084,0.5133333333333334,0.8133333333333332,6796.94500026703,1
AS14.17,2014-04-03,7.2,7.390000000000001,0.1105121315428955,684.2136,327.5074117647059,3.626086956521739,0.5900000000000001,0.8699999999999999,5042.399800682068,1
AS14.17,2014-04-17,7.0,7.12,0.1080684044985974,789.5337999999999,134.2483411764706,2.139130434782609,0.44,1.0,5707.134600162504,0
AS14.17,2014-04-27,7.2,7.25,0.1245547550905303,3550.2254000000003,212.89161176470589,2.226086956521739,0.8,1.0,6513.455199909213,1
AS14.19,2014-04-04,7.0,6.960000000000001,0.0956704403176403,1113.2988,0.0,3.4,-0.3422222222222222,0.72,3154.6116002082817,0
AS14.19,2014-04-10,6.75,7.17,0.1240485456634877,886.1200000000001,0.0,9.2,-0.73,0.9200000000000002,2895.368601036072,0
AS14.19,2014-04-27,6.333333333333333,6.88,0.1358275757335439,1003.3068,0.0,5.6,-0.15,1.05,2999.351599788666,0
AS14.19,2014-04-11,6.8,6.919999999999999,0.1114176346638063,1398.8248,0.0,7.8,-0.71,0.8300000000000001,2662.0228010177607,0
AS14.19,2014-04-30,7.0,6.986666666666667,0.1000413784701164,1173.7582,0.0,5.2,-0.2411111111111111,0.8566666666666667,2461.4361991405485,0
AS14.19,2014-04-29,7.2,6.866666666666667,0.1160253689715329,1021.7922,0.0,5.0,-0.4411111111111111,0.8966666666666667,2602.746599578857,1
AS14.19,2014-03-26,6.0,5.953333333333333,0.0905671556036026,1449.1488000000002,0.0,6.2,-0.6366666666666666,0.5033333333333333,3923.54859981537,0
AS14.19,2014-04-22,6.8,6.88,0.1024284868432171,398.1228,0.0,4.0,-0.44,1.0,2531.5255995750435,0
AS14.19,2014-03-31,7.2,6.720000000000001,0.1184939260051825,1225.7784,0.0,7.2,-0.3511111111111111,0.8400000000000001,2703.537199354172,1
AS14.19,2014-04-06,7.25,7.12,0.1153368903283674,788.9678,0.0,5.6,-0.3422222222222222,0.6799999999999999,2944.0454006671907,1
AS14.19,2014-03-27,6.6,6.220000000000001,0.0904191172447662,1232.8562,0.0,6.8,-0.89,0.45,3419.6165997028365,0
AS14.19,2014-04-25,7.25,6.68,0.1177373800989125,549.6659999999999,0.0,5.2,-0.2,1.04,2883.747600030899,1
AS14.19,2014-04-16,6.8,6.92,0.1135036056021823,1155.3982,0.0,7.4,-0.32,0.92,3081.8821999073034,0
AS14.19,2014-03-28,6.6,6.220000000000001,0.0995441852182984,760.1274000000001,0.0,6.8,-0.6811111111111112,0.49,3187.4997992992403,0
AS14.19,2014-04-26,7.75,6.609999999999999,0.1127010011356367,556.4516000000001,0.0,5.6,-0.39,0.95,3071.646199846268,1
AS14.19,2014-05-02,7.8,6.746666666666667,0.0690281369518389,721.9588,0.0,5.6,-0.2511111111111112,0.7266666666666666,2907.233799171448,1
AS14.19,2014-03-29,7.4,6.140000000000001,0.1234265504826781,815.9098,0.0,7.6,-0.6411111111111112,0.57,3534.4673994064333,1
AS14.19,2014-05-01,6.8,6.936666666666667,0.0935956963856846,1153.9416,0.0,6.4,-0.0111111111111111,0.8666666666666668,2553.6117992401123,0
AS14.19,2014-04-18,6.8,6.840000000000001,0.1138100734410246,886.5224000000001,0.0,6.0,-0.5199999999999999,0.96,3485.7797994613657,0
AS14.19,2014-04-28,6.4,6.786666666666667,0.117398736279179,998.184,0.0,5.0,-0.5700000000000001,0.9766666666666666,2628.5411998271943,0
AS14.19,2014-04-05,8.0,6.960000000000001,0.1141699370382066,831.8182,0.0,4.6,-0.3022222222222223,0.64,3739.535000419616,1
AS14.19,2014-04-17,6.8,6.919999999999999,0.1067275340431359,998.6364,0.0,7.0,-0.32,0.92,2901.30379972458,0
AS14.19,2014-04-13,7.2,6.95,0.0913156021256132,1290.8302,0.0,6.4,-0.3399999999999999,0.8699999999999999,2324.2448007583616,1
AS14.19,2014-04-15,6.4,6.99,0.1019107198846769,1649.705,0.0,7.4,-0.22,0.8699999999999999,2434.832199907303,0
AS14.19,2014-04-02,7.6,6.92,0.1229876048524237,1157.3294,0.0,6.0,-0.3111111111111111,0.8800000000000001,3054.17319984436,1
AS14.19,2014-04-09,7.2,7.13,0.131939750678517,1075.72,0.0,9.8,-0.69,0.8400000000000001,3074.839000892639,1
AS14.19,2014-04-23,6.0,6.88,0.1095371206791027,488.4578,0.0,5.2,-0.1599999999999999,1.04,2554.8667998313904,0
AS14.19,2014-05-03,7.4,7.040000000000001,0.0985158580772706,791.8786,0.0,6.6,0.1288888888888889,0.8,2588.0807992935183,1
AS14.20,2014-04-03,6.666666666666667,6.93,0.1306009581422835,175.7897135135135,0.0,2.38,0.6922727272727272,0.7398015873015873,784.5186001300815,0
AS14.20,2014-04-09,7.75,7.01,0.0397813657830943,151.15200000000002,0.0,2.38,0.5700000000000001,0.77,1537.9719997406005,1
AS14.20,2014-04-27,6.8,6.88,0.047200142653861,208.48331351351348,0.0,1.98,0.1519696969696969,0.4614682539682539,985.7744463040276,0
AS14.20,2014-04-10,7.0,7.159999999999999,0.0505054755140534,144.3628,0.0,2.38,0.47,0.8699999999999999,1431.3417999267574,0
AS14.20,2014-04-30,7.0,6.970000000000001,0.0335912341361737,170.3414,0.0,2.24,0.3672727272727272,0.5048015873015872,1378.2237998962398,0
AS14.20,2014-04-29,7.25,6.92,0.040277181848592,246.1262,0.0,1.98,0.2772727272727272,0.4348015873015873,1590.032400178909,1
AS14.20,2014-03-25,6.0,7.18,0.0388629195208131,86.74680000000001,0.0,2.3,0.17,0.59,1009.8257998943332,0
AS14.20,2014-04-18,6.75,6.8,0.0372363507758238,158.82742702702703,0.0,2.3,0.1759090909090908,0.48,710.9964461399959,0
AS14.20,2014-03-30,7.5,6.69,0.0647292048570596,377.8192,0.0,2.64,0.2799999999999999,0.4448015873015872,1178.275000047684,1
AS14.20,2014-04-05,7.0,6.683333333333335,0.041084202728939,210.7121135135136,0.0,1.7799999999999998,0.5089393939393938,0.506468253968254,889.5147998332981,0
AS14.20,2014-05-04,7.333333333333333,7.040000000000001,0.044716579782367,181.10085405405408,0.0,2.3,0.2286363636363636,0.49,991.4513846214002,1
AS14.20,2014-03-26,6.8,6.980000000000001,0.0436444227233695,218.9594,0.0,2.3,0.2199999999999999,0.29,1467.5337999820715,0
AS14.20,2014-04-25,7.0,7.08,0.0760537597915301,242.6751135135135,0.0,1.7799999999999998,-0.088030303030303,0.5414682539682539,881.8414465500758,0
AS14.20,2014-04-15,6.8,6.98,0.0365874481242493,133.33211351351352,0.0,2.9800000000000004,0.3759090909090908,0.53,1294.8304461075718,0
AS14.20,2014-03-27,7.0,6.94,0.0377913202317963,264.3174,0.0,2.3,0.25,0.32,1611.17839999199,0
AS14.20,2014-04-26,7.0,6.959999999999999,0.0500624208984922,219.4807135135135,0.0,1.98,0.0919696969696969,0.4714682539682539,871.5794466092036,0
AS14.20,2014-05-05,7.0,7.056666666666667,0.0550276691724033,185.3905675675676,0.0,2.3,0.2372727272727272,0.4733333333333333,1134.4382307896249,0
AS14.20,2014-03-28,6.25,6.840000000000001,0.0476481103552531,304.0852,0.0,2.3,0.1,0.37,1550.8596000194557,0
AS14.20,2014-05-01,7.0,6.970000000000001,0.0358381068636923,168.93471351351351,0.0,2.3,0.3072727272727272,0.5748015873015873,1463.648045976345,0
AS14.20,2014-04-17,6.4,6.88,0.0435164604699283,162.82242702702703,0.0,3.0400000000000005,0.3145454545454544,0.52,1160.5180461480072,0
AS14.20,2014-04-28,6.8,6.959999999999999,0.0397731802479517,197.8388,0.0,1.98,0.1519696969696969,0.4614682539682539,1059.092600250244,0
AS14.20,2014-04-04,7.0,6.783333333333333,0.1139777212474575,159.9927135135135,0.0,1.7799999999999998,0.5589393939393938,0.606468253968254,643.2804001331334,0
AS14.20,2014-04-16,7.2,6.94,0.0536090530625209,136.82471351351353,0.0,2.9800000000000004,0.3345454545454545,0.55,1192.0954461171082,1
AS14.20,2014-04-12,6.8,7.26,0.0357338026194397,104.843,0.0,2.24,0.47,0.8,761.4909999370577,0
AS14.20,2014-04-14,6.8,7.17,0.0494597060033565,144.63060000000002,0.0,2.9799999999999995,0.3672727272727272,0.6900000000000001,1374.4819999217991,0
AS14.20,2014-04-01,6.25,7.029999999999999,0.1223314031437817,193.4645135135135,0.0,2.38,0.725,0.8398015873015872,668.1012000560762,0
AS14.20,2014-04-08,7.25,6.8933333333333335,0.050112559930078,146.55880000000002,0.0,2.12,0.5366666666666667,0.6866666666666668,1428.5095997333524,1
AS14.20,2014-04-22,6.4,7.13,0.058290661526261,187.2344,0.0,2.04,-0.0027272727272727,0.6599999999999999,1225.052400350571,0
AS14.20,2014-05-02,7.2,6.970000000000001,0.0376214184759507,183.29682702702704,0.0,2.3,0.2472727272727272,0.5048015873015872,1432.4130922464224,1
AS14.23,2014-04-09,7.2,6.57,0.3702362957675846,1027.2714,1946.849,2.16,0.3575862068965517,0.6900000000000001,11284.14720029831,1
AS14.23,2014-04-11,7.0,6.709999999999999,0.3163134934173556,1061.6844,1946.849,2.4800000000000004,-0.0548275862068965,0.6900000000000001,13863.952600812912,0
AS14.23,2014-04-07,5.75,6.9,0.4137328284215973,1259.3364,1946.849,2.2,0.5675862068965517,0.92,11542.784600687028,0
AS14.23,2014-04-13,7.2,7.109999999999999,0.3139426055406481,811.2284000000001,1946.849,2.24,0.0075862068965517,0.92,12771.6416000843,1
AS14.23,2014-03-28,7.0,6.6,0.3219261447596242,1531.3776,1946.849,1.48,-0.1,0.78,17889.14059977531,0
AS14.23,2014-03-31,7.5,7.05,0.3964099212953691,869.061,1946.849,1.48,0.2875862068965517,1.28,8862.96879887581,1
AS14.23,2014-04-01,7.5,7.15,0.392003081748225,1199.8228,1946.849,1.48,0.2875862068965517,1.33,9766.900599145887,1
AS14.23,2014-03-29,7.25,6.6,0.3594093318500391,1365.0876,1946.849,1.64,0.0999999999999999,0.82,11754.756799125673,1
AS14.23,2014-04-26,7.5,7.119999999999999,0.3847115460224288,1979.5102,1870.034,1.7600000000000002,-0.0448275862068965,0.92,12106.578400707249,1
AS14.23,2014-03-30,7.0,6.890000000000001,0.3677618612316816,1149.483,1946.849,1.64,0.19,1.16,11624.305398893355,0
AS14.23,2014-04-25,7.8,7.109999999999999,0.4181659013286859,1746.3378,1937.0688,1.7600000000000002,0.0951724137931034,0.8800000000000001,11136.984600639344,1
AS14.23,2014-04-27,7.0,7.1800000000000015,0.3833799137608437,2109.0428,1481.4668,1.8,-0.0648275862068965,0.92,11938.586401176452,0
AS14.23,2014-04-20,7.75,7.479999999999999,0.3806300733807764,1193.3926,2116.9066000000003,1.72,0.3327586206896551,1.08,8465.85159983635,1
AS14.23,2014-04-30,9.0,7.459999999999999,0.3799342196232936,1422.761,2147.5804,1.8,-0.2599999999999999,1.08,11199.227199697492,1
AS14.23,2014-04-22,6.2,7.540000000000001,0.433269787933418,725.3563999999999,1832.5644,1.6800000000000002,0.3175862068965517,1.08,7202.879200315476,0
AS14.23,2014-04-03,7.0,7.25,0.4358060910977283,1467.815,1585.8402,1.72,0.1351724137931034,1.44,10937.348599433895,0
AS14.23,2014-04-06,7.0,7.0,0.4553361570603083,1296.7102,1585.8402,1.56,0.5675862068965517,1.2,10702.2101998806,0
AS14.23,2014-04-10,7.0,6.610000000000001,0.3378146127864472,830.1380000000001,1946.849,2.3200000000000003,0.0775862068965517,0.7300000000000001,10732.264000606538,0
AS14.23,2014-04-21,7.2,7.58,0.4266586167410874,891.5138,2289.8428,1.72,0.4151724137931034,1.08,7769.993400478363,1
AS14.23,2014-04-02,7.0,7.25,0.4230188946390379,1218.3559999999998,1585.8402,1.48,0.1551724137931034,1.48,9782.94579901695,0
AS14.24,2014-05-12,7.0,7.13,0.0650399895078505,2207.3636,124.15471111111114,4.160975609756098,-0.2,0.9062820512820512,4678.95120010376,0
AS14.24,2014-05-02,7.0,6.706666666666666,0.0897713003588985,1558.9494,73.01753333333336,5.160975609756098,-0.0484722222222222,0.7596153846153846,4845.234800195694,0
AS14.24,2014-06-06,7.5,7.076666666666666,0.0753230020584822,1314.6342,103.16488888888894,3.8,0.0281944444444444,0.9333333333333332,4719.227399444579,1
AS14.24,2014-05-04,7.5,6.713333333333334,0.0863873535851209,1505.4874,143.87353333333334,4.360975609756098,-0.3284722222222222,0.8896153846153847,4558.787800359726,1
AS14.24,2014-04-28,6.8,7.0200000000000005,0.1151775518414562,752.5734,89.75531111111114,6.580487804878049,-0.1,0.7,2611.2030002594,0
AS14.24,2014-05-05,6.0,7.013333333333333,0.0995212195711285,2054.0528,133.59775555555558,4.1414634146341465,-0.6784722222222223,0.9333333333333332,4416.3350003242485,0
AS14.24,2014-06-01,6.833333333333333,6.840000000000001,0.0858796764347014,1428.101,103.16488888888894,6.560975609756097,0.2415277777777777,0.8333333333333333,5111.746200370787,0
AS14.24,2014-05-26,7.0,6.76,0.0323636366688661,842.7508,103.16488888888894,2.960975609756097,0.1515277777777778,0.7200000000000001,3485.636999559402,0
AS14.24,2014-05-22,6.6,7.080000000000001,0.032065014045493,1234.909,103.16488888888894,3.180487804878049,-0.0484722222222222,0.75,3830.566600036621,0
AS14.24,2014-04-19,7.25,7.35,0.083505538586621,2484.7366,103.16488888888894,7.0,-0.22,0.61,4269.354999780655,1
AS14.24,2014-05-25,7.0,6.76,0.0320728510498606,809.6544000000001,103.16488888888894,3.360975609756097,0.0830555555555555,0.7200000000000001,2708.015599441528,0
AS14.24,2014-05-24,7.2,6.8,0.0313805526251143,856.683,103.16488888888894,2.580487804878049,0.1515277777777778,0.7100000000000001,2981.023599576949,1
AS14.24,2014-04-24,6.8,7.45,0.054140955385269,674.1494,103.16488888888894,4.180487804878049,0.2315277777777777,0.92,3389.25719985962,0
AS14.24,2014-04-30,6.333333333333333,6.720000000000001,0.1197140734229502,948.4004,72.96693333333334,5.980487804878049,0.3299999999999999,0.6762820512820513,3178.619000530243,0
AS14.24,2014-05-28,6.6,6.840000000000001,0.0271549920090041,829.6398000000002,103.16488888888894,2.580487804878049,0.2515277777777778,0.8133333333333332,3678.622400283813,0
AS14.24,2014-04-20,7.8,7.2,0.0827103869455452,2473.2976,103.16488888888894,6.0,-0.4384722222222222,0.61,4876.50119972229,1
AS14.24,2014-06-04,7.0,7.156666666666666,0.0852182487679787,1197.893,103.16488888888894,4.780487804878049,0.1866666666666666,0.9733333333333334,4686.057799911498,0
AS14.24,2014-05-16,7.0,6.67,0.0620504477515542,2229.9932,81.94015555555556,4.780487804878049,-0.57,0.47,6814.897999906539,0
AS14.24,2014-04-21,7.5,7.239999999999999,0.08896862611692,2513.4444,103.16488888888894,7.4,-0.1984722222222222,0.6199999999999999,5157.008399772644,1
AS14.24,2014-05-29,7.0,6.8,0.0445537196392374,1069.2982,103.16488888888894,3.9804878048780488,0.2730555555555555,0.7933333333333332,4941.205400466918,0
AS14.24,2014-05-18,7.2,6.74,0.0445620276718777,1883.0574,72.56773333333335,4.4,-0.3084722222222222,0.55,5981.827800607682,1
AS14.24,2014-05-31,7.0,6.839999999999999,0.0439228507516423,1328.6738,103.16488888888894,5.780487804878049,0.2015277777777778,0.8333333333333334,5243.038200664519,0
AS14.24,2014-04-29,6.0,6.88,0.1203105379186968,991.289,72.96693333333336,6.98048780487805,0.03,0.62,3460.027800321579,0
AS14.24,2014-05-17,7.6,6.62,0.0573471418191754,1875.0696,81.94015555555556,4.4,-0.3884722222222222,0.47,7169.3014005661,1
AS14.24,2014-05-13,7.5,7.13,0.0811252880999215,2435.0916,133.52713333333335,3.3804878048780487,-0.5599999999999999,0.8762820512820513,5688.388199853896,1
AS14.24,2014-06-08,6.5,7.459999999999999,0.1123147464028212,2001.3062,103.16488888888894,6.7804878048780495,0.0615277777777778,0.9562820512820512,4475.667399501801,0
AS14.24,2014-05-15,6.4,6.790000000000001,0.0692911745472137,2824.2200000000003,94.72933333333336,4.380487804878049,-0.6766666666666666,0.5462820512820513,6502.8075994014725,0
AS14.24,2014-04-26,7.6,7.040000000000001,0.0501861596856442,837.8585999999999,89.75531111111114,5.980487804878049,0.12,0.71,3559.5202000617987,1
AS14.24,2014-05-03,6.833333333333333,6.706666666666666,0.0914296831971648,1615.015,73.01753333333335,5.160975609756098,-0.0484722222222222,0.8096153846153846,5049.528800344468,0
AS14.24,2014-05-23,6.8,6.88,0.0344818409457446,947.746,103.16488888888894,3.180487804878049,0.1515277777777777,0.71,3421.1743998050683,0
AS14.24,2014-06-02,6.75,6.966666666666667,0.0824723372574738,1512.344,103.16488888888894,6.9609756097560975,-0.0584722222222222,0.8333333333333334,5339.158399963378,0
AS14.25,2014-04-26,7.0,6.88,0.087047446978802,2658.1822,72.34006666666667,5.6,-0.42,0.4878947368421052,9413.391799974444,0
AS14.25,2014-04-18,6.25,6.640000000000001,0.0875109833214677,1256.439,165.92006666666666,4.6,-0.0106,0.4178947368421052,8635.934800434112,0
AS14.25,2014-04-15,6.5,6.85,0.0945394009068651,3372.9936,50.70843333333333,4.822222222222222,-2.220446049250313e-17,0.44,5573.723599910735,0
AS14.25,2014-04-24,6.0,7.290000000000001,0.0956017792484866,2250.7524000000003,76.96766666666667,5.6,-0.3206,0.6268421052631579,8328.665200424195,0
AS14.25,2014-05-03,6.375,6.58,0.1075085439032059,3470.2578000000003,79.13606666666666,11.6,-0.4705999999999999,0.0489473684210526,11162.866999197004,0
AS14.25,2014-04-16,7.2,6.85,0.082062189964227,3136.1642,56.41906666666667,4.0,-0.1,0.4289473684210526,5146.741400432586,1
AS14.25,2014-04-17,6.5,6.74,0.0720655660282086,1075.7777999999998,89.08066666666669,4.6,-0.01,0.4489473684210526,5362.2718002319325,0
AS14.25,2014-05-01,7.0,6.755,0.1012083513431625,3028.8216,64.28970000000001,6.8,-0.0455999999999999,0.2799999999999999,9706.012199497223,0
AS14.25,2014-04-29,6.0,6.765000000000001,0.0911042618997164,1753.2588000000003,44.07326666666667,5.6,-0.2556,0.5189473684210526,8335.521199846267,0
AS14.25,2014-05-04,7.2,6.415000000000001,0.0950968570062249,3691.614,99.35350000000004,9.8,-0.48,0.0578947368421052,10792.004399490355,1
AS14.25,2014-05-05,6.666666666666667,6.654999999999999,0.0992581340926587,3510.5334000000003,99.35350000000004,8.4,-0.0399999999999999,0.2978947368421052,10202.502399206163,0
AS14.25,2014-04-20,6.8,6.790000000000001,0.1075375091652404,1716.6006000000002,160.00066666666666,4.2,-0.2506,0.4757894736842105,9491.796800661086,0
AS14.25,2014-04-23,6.5,7.24,0.0951594711473631,2627.2160000000003,85.04670000000002,5.6,-0.2706,0.6268421052631579,8954.353400325777,0
AS14.25,2014-04-27,7.375,6.8,0.1031295789733672,2522.2736,72.34006666666667,5.6,-0.24,0.5278947368421052,9024.23480000496,1
AS14.25,2014-05-02,6.5,6.755,0.0844257607905185,3167.8838,79.35366666666667,9.6,-0.3456,0.1599999999999999,10572.386999225617,0
AS14.25,2014-04-19,7.5,6.57,0.0945342593042889,1870.8682,175.5895,4.6,0.0194,0.4268421052631578,9832.042000198364,1
AS14.26,2014-05-14,6.0,6.88,0.0805401340336611,6251.224,132.97899999999998,4.054545454545455,0.3718518518518518,0.6290909090909091,7075.976000118256,0
AS14.26,2014-04-16,6.8,7.109999999999999,0.086118224489003,2269.824852173913,132.97899999999998,3.854545454545456,0.44,0.509090909090909,6796.28268684097,0
AS14.26,2014-04-27,7.8,6.7700000000000005,0.1349249458409848,4770.6988,132.97899999999998,1.951515151515152,0.4318518518518518,0.44,7472.147400808336,1
AS14.26,2014-05-22,6.6,7.32,0.1099970079839845,975.9322,132.97899999999998,2.951515151515152,0.06,0.7799999999999999,6546.120600318907,0
AS14.26,2014-05-23,6.2,7.160000000000001,0.1120068119055531,1293.1452,132.97899999999998,2.551515151515152,-0.08,0.76,7052.811999797819,0
AS14.26,2014-05-27,5.8,7.12,0.1140946130405757,2251.0964,132.97899999999998,1.6,-0.0999999999999999,0.7890909090909091,7179.239599466326,0
AS14.26,2014-04-12,7.75,6.55,0.0985737193573458,3462.0736304347824,132.97899999999998,4.006060606060606,0.2737037037037036,0.4072727272727273,6541.185217587844,1
AS14.26,2014-04-06,6.75,6.909999999999999,0.0985737193573458,3462.0736304347824,132.97899999999998,2.903030303030304,0.4418518518518518,0.4390909090909091,6541.185217587844,0
AS14.26,2014-04-24,5.8,7.17,0.1091899932320197,4168.814,132.97899999999998,2.4060606060606062,0.42,0.7490909090909091,6438.626800680161,0
AS14.26,2014-04-23,6.2,7.37,0.1053485248524154,4774.25,132.97899999999998,2.757575757575758,0.5,0.8690909090909091,7216.710200643541,0
AS14.26,2014-04-13,7.0,6.75,0.0985737193573458,3462.0736304347824,132.97899999999998,4.006060606060606,0.4237037037037037,0.4981818181818182,6541.185217587844,0
AS14.26,2014-04-21,6.4,7.2,0.0985893381268777,7819.908799999999,132.97899999999998,2.4060606060606062,0.5318518518518519,0.5599999999999999,6082.310600423814,0
AS14.26,2014-04-30,6.2,7.4,0.1461372589483481,2232.708,132.97899999999998,2.951515151515152,0.72,0.72,5656.840000343322,0
AS14.26,2014-05-28,5.4,6.959999999999999,0.0908266086513968,2468.9306,132.97899999999998,1.951515151515152,-0.0081481481481481,0.6690909090909091,7407.365399885179,0
AS14.26,2014-05-13,7.0,6.8,0.0756921794141385,7840.2142,132.97899999999998,4.054545454545455,0.2518518518518518,0.5890909090909091,7406.798399972916,0
AS14.26,2014-04-08,6.4,7.01,0.0985737193573458,3462.0736304347824,132.97899999999998,2.6545454545454548,0.4118518518518518,0.5881818181818181,6541.185217587844,0
AS14.26,2014-04-29,6.6,7.24,0.142019750362993,3423.6784,132.97899999999998,2.8,0.6518518518518519,0.5599999999999999,6242.667000102998,0
AS14.26,2014-05-29,7.4,6.8,0.0858795228545337,3645.3124,132.97899999999998,1.7515151515151517,0.0718518518518518,0.48,8520.995000076295,1
AS14.26,2014-05-16,7.4,6.4,0.0904673918410286,3375.9304,132.97899999999998,2.8545454545454545,0.3037037037037037,0.4581818181818182,7710.991800355911,1
AS14.26,2014-04-26,8.0,6.45,0.0968966465854334,4776.9220000000005,132.97899999999998,1.903030303030303,0.1918518518518518,0.349090909090909,7814.78960094452,1
AS14.26,2014-05-26,7.2,7.08,0.1289178520957098,2111.3416,132.97899999999998,2.2,-0.1,0.7490909090909091,6613.771999692917,1
AS14.26,2014-03-29,8.2,6.840000000000001,0.0985737193573458,3462.0736304347824,132.97899999999998,2.703030303030303,0.0299999999999999,0.4981818181818182,6541.185217587844,1
AS14.26,2014-04-18,7.2,6.8,0.0801709587309038,5412.5704,132.97899999999998,2.254545454545455,0.1718518518518518,0.2690909090909091,6105.687600088119,1
AS14.26,2014-03-30,7.2,7.08,0.0985737193573458,3462.0736304347824,132.97899999999998,2.503030303030303,0.0399999999999999,0.5890909090909091,6541.185217587844,1
AS14.26,2014-05-18,7.2,6.839999999999999,0.1208383526698549,2821.888,132.97899999999998,2.303030303030303,0.3918518518518518,0.5290909090909091,7759.127200365065,1
AS14.26,2014-05-12,6.4,6.88,0.0908844374428889,7325.6432,132.97899999999998,3.9030303030303033,0.2518518518518518,0.5890909090909091,6250.673999834061,0
AS14.26,2014-05-02,7.2,7.08,0.1074205930295015,1343.5848,132.97899999999998,3.703030303030303,0.4918518518518517,0.56,5125.347800016403,1
AS14.26,2014-04-20,8.0,6.959999999999999,0.1120565191029397,8277.025599999999,132.97899999999998,2.4060606060606062,0.4518518518518518,0.44,6381.178000259401,1
AS14.26,2014-05-20,7.6,7.160000000000001,0.1102338235278679,1426.6304,132.97899999999998,2.351515151515152,0.26,0.6599999999999999,7998.263400220867,1
AS14.26,2014-04-07,6.75,6.94,0.0985737193573458,3462.0736304347824,132.97899999999998,2.6545454545454548,0.4137037037037037,0.5881818181818181,6541.185217587844,0
AS14.26,2014-04-19,8.0,6.840000000000001,0.0819045138101714,6196.020399999999,132.97899999999998,2.254545454545455,0.3318518518518519,0.32,6968.244800090792,1
AS14.26,2014-04-15,6.8,7.07,0.0857923560703584,2431.5937782608694,132.97899999999998,3.854545454545456,0.36,0.469090909090909,6379.689330606876,0
AS14.26,2014-05-30,6.4,6.76,0.0638316719526199,3273.2292,132.97899999999998,1.903030303030303,0.1637037037037036,0.44,6969.225599908828,0
AS14.26,2014-04-17,6.0,7.15,0.0835825188995133,5789.104926086957,132.97899999999998,2.254545454545455,0.32,0.509090909090909,6193.469043487053,0
AS14.26,2014-04-04,6.75,6.799999999999999,0.0985737193573458,3462.0736304347824,132.97899999999998,3.0060606060606063,0.2637037037037036,0.3490909090909091,6541.185217587844,0
AS14.26,2014-05-15,6.4,6.720000000000001,0.0764097474157371,3284.267,132.97899999999998,3.703030303030303,0.3837037037037036,0.6181818181818182,6290.24740023613,0
AS14.26,2014-04-11,6.6,6.58,0.0985737193573458,3462.0736304347824,132.97899999999998,2.757575757575758,0.1655555555555555,0.4763636363636364,6541.185217587844,0
AS14.26,2014-04-25,6.6,6.73,0.0814075499897706,3319.7732000000005,132.97899999999998,2.254545454545455,0.2718518518518518,0.4690909090909091,7291.491800689699,0
AS14.26,2014-05-24,7.6,6.960000000000001,0.1139403081301299,1553.4742,132.97899999999998,2.551515151515152,-0.12,0.7090909090909091,6736.459800004959,1
AS14.26,2014-05-05,6.5,7.08,0.0815712041950118,1276.8796000000002,132.97899999999998,3.254545454545455,0.0637037037037036,0.52,5233.825800180434,0
AS14.27,2014-04-12,7.0,7.08,0.0956944444444444,865.8066000000001,48.857000000000006,2.813333333333333,0.2,0.44,3797.532999944689,0
AS14.27,2014-04-24,7.6,7.459999999999999,0.0964798336690047,7107.7970000000005,48.857000000000006,2.853333333333333,-0.2427927927927927,0.5800000000000001,4051.5456000328063,1
AS14.27,2014-04-13,8.75,6.959999999999999,0.0942456896551723,1237.3178,48.857000000000006,2.76,0.05,0.38,3688.663600349427,1
AS14.27,2014-04-21,6.8,7.74,0.11421977124183,7462.8026,48.857000000000006,3.5066666666666664,-0.3263963963963964,0.86,4799.545399951935,0
AS14.27,2014-04-19,7.5,7.760000000000001,0.1012757058746363,985.8912,48.857000000000006,3.56,-0.4763963963963963,0.92,4086.6257997512816,1
AS14.27,2014-05-01,7.6,7.786666666666667,0.1590015753142711,1215.0652,48.857000000000006,6.2,0.2533333333333333,0.8133333333333332,5648.656600379944,1
AS14.27,2014-04-09,7.0,7.32,0.0854180220475286,1259.3028,48.857000000000006,2.706666666666666,0.04,0.52,3976.611399126056,0
AS14.27,2014-04-10,7.4,7.32,0.0799999999999999,1062.1928,48.857000000000006,2.76,-0.0799999999999999,0.64,4455.387399244311,1
AS14.27,2014-05-04,7.4,7.0,0.0997749042145593,920.309,48.857000000000006,1.6,0.12,0.5654166666666667,4859.994000053406,1
AS14.27,2014-04-11,5.8,7.32,0.0947222222222221,922.7604,48.857000000000006,3.2133333333333334,-0.0799999999999999,0.6,4060.7085996150986,0
AS14.27,2014-04-29,7.2,8.066666666666666,0.1691619354353311,1254.4014,48.857000000000006,7.4,0.6133333333333333,0.8933333333333333,4983.870599651336,1
AS14.27,2014-05-05,7.666666666666667,7.039999999999999,0.099582910750507,1233.4872,48.857000000000006,1.653333333333333,0.32,0.6054166666666668,5281.622199821472,1
AS14.27,2014-04-30,6.6,7.986666666666667,0.1692132893102143,1152.2826,48.857000000000006,6.8,0.2533333333333333,0.8533333333333333,4948.567800092697,0
AS14.27,2014-04-26,9.333333333333334,7.56,0.0947443061246536,835.2218,48.857000000000006,3.6,0.2472072072072071,0.6,3754.8145998477935,1
AS14.27,2014-05-15,7.0,7.140000000000001,0.0872330169303533,917.4434,48.857000000000006,2.853333333333333,0.8036036036036036,0.6354166666666667,4753.783800363541,0
AS14.27,2014-04-28,7.8,8.106666666666666,0.1571187765739903,1185.4514,48.857000000000006,6.8,0.6169369369369369,0.8933333333333333,4579.266199970245,1
AS14.27,2014-04-15,7.2,7.31,0.1011949233716474,1087.6182,48.857000000000006,2.5066666666666664,0.0299999999999999,0.52,2762.356000089646,1
AS14.27,2014-04-18,8.6,7.790000000000001,0.105516606257778,960.0096,48.857000000000006,2.76,-0.4199999999999999,0.94,4011.8757997989655,1
AS14.27,2014-04-22,7.8,7.539999999999999,0.1062085667600373,7400.950599999999,48.857000000000006,3.053333333333333,-0.0027927927927927,0.7000000000000001,4173.817599821091,1
AS14.27,2014-05-12,7.8,6.960000000000001,0.0899113134135118,1199.7018,48.857000000000006,3.0,0.8800000000000001,0.3654166666666666,5340.799199390411,1
AS14.27,2014-04-27,8.0,8.066666666666666,0.1514804172357647,1114.6718,48.857000000000006,7.0,0.3369369369369369,0.8933333333333333,4045.363399839401,1
AS14.27,2014-04-14,7.6,7.19,0.1074449233716474,1147.8356,48.857000000000006,2.506666666666667,0.27,0.52,3540.4580005168923,1
AS14.28,2014-04-09,7.0,7.27,0.0751072343912759,4670.013799999999,23.264,2.68,-0.38,0.8795454545454546,9292.720200681686,0
AS14.28,2014-04-21,8.0,6.92,0.046081948658603,2079.3098,23.264,2.16,-0.24,0.5412121212121213,8384.284199333191,1
AS14.28,2014-04-10,7.0,7.52,0.0988954193581528,4506.4056,23.264,2.6,-0.48,0.93,8990.992200136185,0
AS14.28,2014-04-18,5.8,7.0200000000000005,0.0819265788063018,3301.9016,23.264,2.36,-0.36,0.4549999999999999,10029.209000349045,0
AS14.28,2014-04-16,6.5,7.2,0.1272452579261322,3425.548,23.264,3.96,-0.6300000000000001,0.7295454545454546,13452.606200647351,0
AS14.28,2014-04-27,7.25,7.45,0.1069789732503419,3907.4428,23.264,2.6,-0.2353763440860214,1.04,8974.461599826811,1
AS14.28,2014-04-06,7.2,7.13,0.0947408889844338,3659.1494,23.264,2.44,-0.4440860215053763,0.7890909090909091,10268.667600202562,1
AS14.28,2014-04-07,8.0,7.07,0.071869500340592,3085.6868,23.264,2.56,-0.4920430107526881,0.7595454545454545,9737.111400270463,1
AS14.28,2014-04-30,6.2,7.35,0.0790354656541614,1296.439,23.264,2.6,-0.2020430107526881,0.86,6775.503480917699,0
AS14.28,2014-04-08,7.8,7.31,0.0855597607146148,4856.19,23.264,2.68,-0.4120430107526881,0.9295454545454548,9652.523400354385,1
AS14.28,2014-04-26,8.0,7.45,0.1155082331978175,3965.0204,23.264,2.6,-0.2133333333333333,1.04,9117.900999975203,1
AS14.28,2014-05-01,6.4,7.19,0.0590781253973705,721.8518,23.264,2.6,-0.2020430107526881,0.7,6164.732080942877,0
AS14.28,2014-04-23,7.0,7.109999999999999,0.0638979151010034,2678.2984,23.264,2.28,-0.44,0.8162121212121212,8561.796999597547,0
AS14.28,2014-05-05,7.0,6.720000000000001,0.050754133662472,3240.3856,23.264,2.16,-0.4120430107526881,0.6533333333333333,7006.477199649812,0
AS14.28,2014-04-25,7.0,7.6,0.0956880031699766,3512.2916,23.264,2.6,-0.2733333333333333,1.04,9339.163400268551,0
AS14.28,2014-04-12,7.8,7.44,0.2022886556315284,5404.4386,23.264,4.08,-0.52,0.8995454545454546,12909.46860003471,1
AS14.28,2014-04-15,6.8,7.239999999999999,0.1485632284272295,3500.0928,23.264,3.96,-0.79,0.7495454545454546,13117.69620027542,0
AS14.28,2014-04-19,6.75,6.74,0.080391799277413,3447.1312,23.264,2.48,-0.2799999999999999,0.4545454545454545,10177.219399595258,0
AS14.28,2014-05-03,7.4,6.779999999999999,0.0697985638546827,2437.7566,23.264,2.28,-0.4,0.6799999999999999,5996.862880903967,1
AS14.28,2014-04-24,8.0,7.35,0.0759706698269707,3089.7326000000003,23.264,2.28,-0.3333333333333333,0.8666666666666666,8324.226800012588,1
AS14.28,2014-04-11,7.4,7.4,0.1380931467045431,4845.356,23.264,2.6,-0.52,0.8699999999999999,9039.711800193789,1
AS14.29,2014-04-20,7.5,7.729999999999999,0.1119100437417005,307.252,7390.939,1.4,-0.1339351851851851,0.65,8790.78259911537,1
AS14.29,2014-04-22,6.4,7.460000000000001,0.0898917033963918,239.1742,7208.7332,1.6,-0.1339351851851851,0.48,5933.605600118637,0
AS14.29,2014-04-18,8.0,7.970000000000001,0.1100176838066926,274.90860000000004,722.6709999999999,1.8,-0.1478703703703703,0.8800000000000001,9292.193199062343,1
AS14.29,2014-04-24,7.8,7.140000000000001,0.0902583427342622,499.3578,7433.159199999999,2.4,-0.1639351851851851,0.5296929824561404,7861.709400081634,1
AS14.29,2014-04-08,7.8,7.68,0.1327488808267637,161.4026,684.8824,1.8,-0.3849999999999999,0.575,7087.262999916076,1
AS14.29,2014-04-11,7.2,7.790000000000001,0.1367318452319958,474.4166,769.3196,1.8,-0.0949999999999999,0.775,9705.00599975586,1
AS14.29,2014-04-12,8.25,7.6800000000000015,0.1176004231692671,431.2496,897.6768,1.8,-0.0799999999999999,0.72,9176.051799821851,1
AS14.29,2014-04-09,7.6,7.789999999999999,0.122524025103606,376.9464,711.5376,1.8,-0.345,0.725,9274.057399940491,1
AS14.29,2014-05-01,7.6,6.98,0.1385522341083614,1096.4218,907.2252,1.8,-0.2539351851851852,0.5593859649122808,9230.819800329207,1
AS14.29,2014-04-10,8.6,7.709999999999999,0.1331795157070833,421.213,806.1389999999999,2.0,-0.0149999999999999,0.655,9604.117400312423,1
AS14.29,2014-04-30,7.8,6.92,0.1533308540612017,989.8026000000002,901.3276,2.0,-0.1978703703703703,0.6693859649122806,8177.636000490187,1
AS14.29,2014-05-12,7.6,7.4,0.0695892564072634,224.7986,868.0134,1.4,-0.24,0.6399999999999999,9894.074000930788,1
AS14.29,2014-04-25,7.5,7.3,0.1134143063330781,510.9396,989.1694,2.6,-0.0039351851851851,0.6896929824561403,8280.603400707245,1
AS14.29,2014-05-15,6.0,7.479999999999999,0.1054558205690137,426.38346999999993,744.56,1.8,-0.0799999999999999,0.56,10353.252400016783,0
AS14.29,2014-04-27,6.5,7.06,0.1764667247559067,715.0640000000001,1220.1817999999998,2.6,0.0721296296296296,0.7493859649122807,9794.085801315308,0
AS14.29,2014-04-14,8.0,7.969999999999999,0.0890979705826926,228.811,621.9792,1.8,0.3760648148148148,0.75,6731.242599153518,1
AS14.29,2014-04-17,7.6,8.1,0.1121789665124646,251.57,615.9044,1.8,-0.1078703703703703,0.8699999999999999,8560.320998859403,1
AS14.29,2014-04-21,7.2,7.58,0.0741168393346566,299.6816,7269.712600000001,1.4,-0.1339351851851851,0.6,7566.546599912641,1
AS14.29,2014-04-26,6.0,7.3,0.1447524839978587,609.6922000000001,1078.929,2.6,0.0721296296296296,0.6896929824561403,8447.624000835418,0
AS14.29,2014-04-13,8.2,7.890000000000001,0.1016125597001783,394.5282,796.6890000000001,1.8,0.24,0.8300000000000001,7470.798599529266,1
AS14.30,2014-04-03,8.0,7.8,0.1601176905519074,1599.0498,105.69863999999998,4.061538461538461,-1.0399999999999998,0.96,12820.442600011827,1
AS14.30,2014-04-09,7.75,7.839999999999999,0.1164205037293411,1920.097,71.10798666666665,2.892307692307692,-0.9354814814814814,1.0,13548.054999876023,1
AS14.30,2014-04-27,7.8,7.8199999999999985,0.1725400074412444,4557.6604,71.29998666666665,2.692307692307692,-1.12,1.08,11810.901200914384,1
AS14.30,2014-04-10,8.2,7.830000000000001,0.1200995733087523,2043.6510000000003,54.63683999999999,2.892307692307692,-0.7954814814814815,1.0,14067.325999593735,1
AS14.30,2014-04-30,7.8,7.82,0.1973992704457163,5504.655400000001,55.06343999999999,2.261538461538461,-1.04,1.0,13368.579200029377,1
AS14.30,2014-04-29,8.0,7.859999999999999,0.1900394882682923,5190.0218,55.06343999999999,2.261538461538461,-1.08,1.04,12649.27520065308,1
AS14.30,2014-03-25,8.0,7.6,0.1561305786400828,1002.1792,124.93763999999996,2.892307692307692,-0.3333333333333333,1.04,12550.29559969902,1
AS14.30,2014-04-18,7.4,7.709999999999999,0.1450274836216434,1418.1511999999998,83.02063999999999,2.6615384615384614,-0.89,1.08,14139.70159983635,1
AS14.30,2014-03-30,7.6,7.75,0.1752265768088392,1351.1068,135.13614666666666,4.6,-0.6054814814814814,0.92,17832.71280064583,1
AS14.30,2014-04-05,8.0,7.76,0.1646254380570794,1889.7732,90.09898666666666,3.261538461538461,-0.72,0.9600000000000002,13005.031799840926,1
AS14.30,2014-05-04,7.8,7.959999999999999,0.1626059981626156,2242.641,70.09758666666664,3.4307692307692306,-1.08,1.0,13426.154799985885,1
AS14.30,2014-03-26,6.8,7.8,0.1665058537501268,1224.416,96.58338666666666,2.892307692307692,-0.4400000000000001,1.04,14393.523199844358,0
AS14.30,2014-04-25,7.5,7.869999999999999,0.1193460693922235,821.9946,86.36673333333331,2.9230769230769225,-1.2500000000000002,1.08,12067.538400554657,1
AS14.30,2014-04-15,7.6,7.723333333333334,0.1182700775382729,1210.152,78.54978666666666,2.892307692307692,-0.9033333333333332,0.9733333333333332,12965.318600225448,1
AS14.30,2014-03-27,7.75,7.6,0.1642382126297235,1322.5880000000002,131.19044,5.292307692307692,-0.3199999999999999,0.92,16492.83540005684,1
AS14.30,2014-04-26,7.8,7.8199999999999985,0.1257460578762135,1084.8016,86.36673333333331,2.9230769230769225,-1.2,1.08,12104.400200939175,1
AS14.30,2014-05-05,8.0,7.92,0.170351134414953,1949.7358,70.09758666666664,3.4307692307692306,-1.16,1.0,11425.406800270075,1
AS14.30,2014-03-28,7.8,7.630000000000001,0.152106737189419,1338.868,121.16549333333332,5.061538461538461,-0.31,0.92,17155.434400129314,1
AS14.30,2014-05-01,8.2,7.88,0.2013882004933788,6063.232400000001,38.79429333333332,2.8307692307692305,-1.08,1.0,13163.96439990998,1
AS14.30,2014-04-17,7.6,7.75,0.1250436779571107,1272.9992,83.02063999999999,2.6615384615384614,-0.93,1.12,12585.982999801636,1
AS14.30,2014-04-28,8.0,7.779999999999999,0.1680293982270219,4581.6014000000005,71.29998666666665,2.4923076923076923,-1.16,1.04,12089.47740097046,1
AS14.30,2014-04-04,7.8,7.720000000000001,0.1586473935613473,1752.6356,81.67483999999999,3.861538461538461,-0.72,0.9600000000000002,12217.374800062178,1
AS14.30,2014-04-16,8.4,7.603333333333333,0.1160248924569334,1406.7686,83.02063999999999,3.0615384615384613,-0.9833333333333332,0.9733333333333334,13779.235599851609,1
AS14.30,2014-04-12,7.8,7.803333333333333,0.1444446836571274,2176.1356,69.89558666666665,3.292307692307692,-0.7288148148148148,0.9333333333333332,16287.63739976883,1
AS14.30,2014-04-14,7.75,7.723333333333334,0.1162931412147083,1424.0928,62.07863999999999,2.861538461538461,-0.9533333333333334,0.9733333333333332,14182.407199907302,1
AS14.30,2014-04-01,7.8,7.830000000000001,0.1776468874962442,1062.3452000000002,92.10494666666666,3.0307692307692307,-1.0054814814814814,1.0,15531.301400661469,1
AS14.30,2014-04-08,7.8,7.88,0.1096505723659306,1476.2822,74.84024,2.461538461538461,-0.7754814814814814,1.0,13218.282000350951,1
AS14.30,2014-04-22,8.0,7.67,0.1045200131676478,1041.802,86.36673333333331,2.723076923076923,-1.2100000000000002,1.0,15321.413400316238,1
AS14.30,2014-05-02,8.0,7.959999999999999,0.1649874216030617,2918.0132,53.86103999999998,3.0307692307692307,-1.04,1.0,13937.507199954987,1
AS14.31,2014-04-11,7.8,6.88,0.1757054387109722,1534.2588,55.97403478260869,1.2,0.3975438596491228,0.44,6759.102999353408,1
AS14.31,2014-04-23,7.0,7.2,0.2430433388061386,5681.5384,107.18143478260868,3.088888888888889,0.5975438596491229,1.0,7448.18680009842,0
AS14.31,2014-04-12,7.0,7.12,0.1967020224480222,2444.237,77.09641739130434,3.0,0.4,0.64,7980.084399223328,0
AS14.31,2014-04-20,8.0,7.07,0.2083916158793997,4779.319000000001,71.57925217391303,2.6,0.5550877192982456,0.85,4703.030599641801,1
AS14.31,2014-04-18,6.8,6.75,0.1983875147475462,1299.7980000000002,42.39561739130435,2.6444444444444444,0.0750877192982456,0.8255555555555556,5197.946199560165,0
AS14.31,2014-05-01,7.0,7.040000000000001,0.1887103251103803,1995.7730000000004,61.653,4.4,0.5733333333333334,0.96,5960.614200019838,0
AS14.31,2014-04-08,7.0,6.8,0.1781884639478558,1075.891,134.8284695652174,2.4,0.5175438596491229,0.4800000000000001,6978.997000074385,0
AS14.31,2014-04-09,7.0,6.88,0.1669074435454759,1258.8442,122.56585217391304,2.0,0.5175438596491229,0.4,4950.779799890517,0
AS14.31,2014-05-12,7.0,7.016666666666666,0.1972507386123609,1793.854251428571,85.78108695652173,3.2222222222222223,0.7133333333333333,1.0,5161.444617015294,0
AS14.31,2014-04-10,7.2,6.92,0.1840787090806376,1384.2254,107.8708347826087,1.8,0.4775438596491228,0.44,5238.718799686431,1
AS14.31,2014-05-04,7.2,7.08,0.1171783550427343,1359.7846,49.8946,2.088888888888889,0.7066666666666667,1.0,6216.807000160218,1
AS14.31,2014-04-30,7.0,7.040000000000001,0.2068536324889491,2627.0872,44.25921739130435,6.4,0.6933333333333332,1.0,6237.277400016786,0
AS14.31,2014-05-13,7.0,7.0666666666666655,0.1840634232654512,2187.654314285714,85.78108695652173,3.2222222222222223,0.8133333333333332,1.0,6424.535771288191,0
AS14.31,2014-04-29,7.0,6.94,0.212009739008692,2650.0542,41.247617391304345,6.2,0.6766666666666665,0.95,6515.374399995804,0
AS14.31,2014-04-25,7.0,6.98,0.1903269704705225,2297.8106,165.6116,1.8888888888888888,0.6075438596491228,0.95,7311.771200323106,0
AS14.31,2014-05-02,7.0,7.040000000000001,0.1015256772004746,1481.9275999999998,64.7178,1.8444444444444443,0.6666666666666666,0.96,4897.197999715806,0
AS14.31,2014-04-13,6.8,7.2,0.211511863681087,2407.0646,64.35400000000001,3.8,0.4800000000000001,0.76,8513.015399122238,0
AS14.31,2014-04-27,7.4,6.9,0.2269412496046182,2762.5824,112.32381739130436,6.444444444444445,0.5942105263157895,0.95,7860.511200428009,1
AS14.31,2014-05-15,7.0,7.0666666666666655,0.1840634232654512,2187.654314285714,85.78108695652173,3.2222222222222223,0.8800000000000001,1.0,6424.535771288191,0
AS14.31,2014-04-14,6.2,7.159999999999999,0.2577941301753998,2438.5828,62.3236,4.6,0.24,0.8400000000000001,9522.028599405288,0
AS14.31,2014-04-17,7.0,6.75,0.2074331797037133,1255.1402000000005,43.39821739130436,3.444444444444444,0.0750877192982456,0.7855555555555556,6121.164799737931,0
AS14.31,2014-04-21,6.4,7.27,0.2563799320395488,5062.079600000001,72.52483478260869,3.0444444444444443,0.6775438596491229,1.02,5375.96199989319,0
AS14.31,2014-05-05,7.0,7.12,0.0952327467479887,1129.8726,63.23761739130434,2.333333333333333,0.8,1.0,5391.292800140382,0
AS14.32,2014-05-05,7.0,7.483333333333332,0.1042696335354876,454.988,37.398,5.6,-0.4483333333333333,0.6377011494252873,4279.806999874116,0
AS14.32,2014-05-04,8.666666666666666,7.35,0.1029810034175777,395.5867999999999,37.398,6.4,-0.315,0.5710344827586207,3989.600999879839,1
AS14.32,2014-04-17,8.5,8.120000000000001,0.1108159088801636,790.7184,37.398,5.8,-0.135,0.63,4249.408399486541,1
AS14.32,2014-04-08,7.8,7.8,0.079392710913392,810.5114,41.5524,4.0,-0.25,0.4821839080459769,4844.739999675751,1
AS14.32,2014-04-15,8.0,8.003333333333334,0.1038438929380452,739.994,37.398,4.4,-0.1033333333333333,0.5966666666666667,4152.249999332428,1
AS14.32,2014-05-12,7.2,6.840000000000001,0.0976842782209971,1113.068,31.1256,7.6,-0.8800000000000001,0.19,4111.839199638367,1
AS14.32,2014-04-10,8.25,7.626666666666667,0.0725301554861866,1074.5036,37.398,6.6,0.0466666666666666,0.424367816091954,4472.73979997635,1
AS14.32,2014-04-18,7.0,8.1,0.105744766376098,1007.672,37.398,5.6,-0.075,0.5700000000000001,4636.1597996234905,0
AS14.32,2014-04-13,8.0,7.93,0.092948526127125,787.7031999999999,37.398,5.8,0.3033333333333333,0.5188505747126436,3898.0204001426696,1
AS14.32,2014-04-16,8.5,7.953333333333333,0.1108385825797725,833.3824000000001,37.398,5.6,-0.2183333333333333,0.5466666666666666,4225.070399379731,1
AS14.32,2014-05-03,7.5,7.35,0.0992879032106572,802.8456,37.398,7.4,-0.0649999999999999,0.5210344827586206,4965.382199907304,1
AS14.32,2014-04-12,8.6,7.609999999999999,0.0909225930284123,1062.9602,37.398,7.0,0.1633333333333333,0.2588505747126436,4494.522600126266,1
AS14.33,2014-04-25,8.4,6.6,0.0595406570121495,1791.1284,244.2195,4.8875,-0.4005555555555554,0.4,11408.79859957695,1
AS14.33,2014-05-17,6.0,6.166666666666666,0.0684559002080088,1892.8118,244.2195,5.14375,-0.1319444444444444,0.5803333333333334,11948.992599534988,0
AS14.33,2014-04-26,7.6,6.8,0.0826791046097335,2468.7411999999995,244.2195,9.94375,-0.1452777777777777,0.36,11218.919199228289,1
AS14.33,2014-05-14,6.833333333333333,5.88,0.0571128959618794,1461.253,244.2195,3.6875,-0.1852777777777778,0.4403333333333334,13775.890200138092,0
AS14.33,2014-05-12,6.0,6.0,0.0402313922496162,1248.1588,244.2195,4.8875,-0.3452777777777777,0.22,10071.677400255205,0
AS14.33,2014-05-23,5.833333333333333,6.04,0.0147960419933244,978.4186000000002,244.2195,5.775,-0.2933333333333333,0.19,9085.836200428006,0
AS14.33,2014-04-22,6.2,7.373333333333335,0.087709707589785,1633.5805999999998,244.2195,3.6875,-0.5658333333333332,1.0,12184.093400192258,0
AS14.33,2014-04-23,5.2,7.173333333333334,0.0903746026574212,1901.7422,244.2195,4.6875,-0.5658333333333333,0.6799999999999999,12509.688799667358,0
AS14.33,2014-05-26,5.4,6.046666666666667,0.0450123646008794,1205.5362,244.2195,4.0875,-0.5,0.227,7851.456399917602,0
AS14.33,2014-04-24,7.0,6.7333333333333325,0.0845472602677166,1763.7194,244.2195,4.2875,-0.4458333333333333,0.4,11668.56759967804,0
AS14.33,2014-05-22,5.75,6.09,0.0158231544273594,1032.093,244.2195,4.975,-0.3433333333333334,0.2066666666666667,10150.176800203322,0
AS14.33,2014-05-27,6.2,5.926666666666667,0.0646164795452895,1282.9482,221.4816,4.94375,-0.4466666666666666,0.3673333333333333,9682.349599790574,0
AS14.33,2014-05-19,6.2,6.366666666666666,0.0425408246915797,1906.5744,244.2195,6.2875,-0.1519444444444444,0.4866666666666667,10688.497199630738,0
AS14.33,2014-05-31,7.0,6.720000000000001,0.1186925069424179,1554.048,244.2195,6.0,-0.7219444444444443,0.5403333333333333,10080.584599447251,0
AS14.33,2014-05-21,6.0,6.29,0.0227432418924283,1342.25,244.2195,6.03125,-0.1299999999999999,0.4466666666666666,9273.944200277328,0
AS14.33,2014-04-28,6.75,6.880000000000001,0.1364758300969194,2774.6428,244.2195,11.8,-0.09,0.5599999999999999,10431.738199949265,0
AS14.33,2014-05-01,7.0,6.63,0.1139559425870855,3200.5574,244.2195,5.6,-0.69,0.5599999999999999,14798.439600276946,0
AS14.33,2014-05-15,6.0,6.286666666666667,0.054819662163477,1264.5552,244.2195,3.6875,-0.2919444444444444,0.5603333333333332,12178.458199977871,0
AS14.33,2014-05-29,7.0,6.49,0.0813926365373516,1592.3524000000002,244.2195,5.74375,-0.5952777777777778,0.5369999999999999,11110.705799484253,0
AS14.33,2014-05-20,6.25,6.24,0.0435730831080871,1900.8968,244.2195,6.2875,-0.1252777777777777,0.4466666666666666,10869.244199752808,0
AS14.33,2014-04-27,6.2,6.88,0.1426443025481975,2998.4268,244.2195,12.4,0.03,0.44,10648.774399423604,0
